country,1970,1971,1972,1973,1974,1975,1976,1977,1978,1979,1980,1981,1982,1983,1984,1985,1986,1987,1988,1989,1990,1991,1992,1993,1994,1995,1996,1997,1998,1999,2000,2001,2002,2003,2004,2005,2006,2007,2008,2009,2010,2011,2012,2013,2014,2015
Afghanistan,11300000.0,11600000.0,11900000.0,12200000.0,12500000.0,12800000.0,13100000.0,13300000.0,13600000.0,13700000.0,13200000.0,11900000.0,11000000.0,10900000.0,11200000.0,11400000.0,11400000.0,11400000.0,11500000.0,11900000.0,12000000.0,12200000.0,13300000.0,14900000.0,16300000.0,17100000.0,17800000.0,18500000.0,19200000.0,19900000.0,20100000.0,20300000.0,21400000.0,22700000.0,23600000.0,24400000.0,25400000.0,25900000.0,26500000.0,27500000.0,28300000.0,29300000.0,30600000.0,31600000.0,32800000.0,33800000.0
Angola,5850000.0,5990000.0,6170000.0,6390000.0,6610000.0,6840000.0,7070000.0,7320000.0,7580000.0,7850000.0,8130000.0,8440000.0,8750000.0,9080000.0,9430000.0,9780000.0,10100000.0,10500000.0,10900000.0,11200000.0,11600000.0,12000000.0,12400000.0,12800000.0,13200000.0,13700000.0,14200000.0,14700000.0,15200000.0,15700000.0,16200000.0,16700000.0,17300000.0,17900000.0,18600000.0,19300000.0,20000000.0,20800000.0,21600000.0,22400000.0,23300000.0,24200000.0,25200000.0,26200000.0,27200000.0,28200000.0
Albania,2180000.0,2230000.0,2290000.0,2340000.0,2400000.0,2450000.0,2510000.0,2570000.0,2620000.0,2680000.0,2740000.0,2790000.0,2850000.0,2910000.0,2960000.0,3030000.0,3090000.0,3150000.0,3210000.0,3260000.0,3280000.0,3280000.0,3280000.0,3280000.0,3270000.0,3260000.0,3250000.0,3230000.0,3210000.0,3190000.0,3170000.0,3150000.0,3130000.0,3120000.0,3100000.0,3080000.0,3050000.0,3020000.0,2990000.0,2960000.0,2930000.0,2910000.0,2910000.0,2910000.0,2900000.0,2900000.0
Andorra,20000.0,21400.0,23000.0,24500.0,26100.0,27800.0,29400.0,31100.0,32700.0,34300.0,35800.0,37200.0,38800.0,40600.0,42300.0,43800.0,45700.0,47700.0,49400.0,50600.0,52600.0,56700.0,60200.0,63300.0,64600.0,63900.0,64000.0,64700.0,65400.0,65700.0,65700.0,65900.0,66500.0,69500.0,74300.0,77400.0,79600.0,81900.0,83500.0,83900.0,80700.0,77800.0,76800.0,75200.0,73700.0,72200.0
UAE,287000.0,335000.0,385000.0,436000.0,489000.0,543000.0,616000.0,710000.0,809000.0,912000.0,1020000.0,1100000.0,1170000.0,1240000.0,1310000.0,1380000.0,1470000.0,1570000.0,1680000.0,1790000.0,1900000.0,2010000.0,2110000.0,2220000.0,2330000.0,2430000.0,2600000.0,2820000.0,3040000.0,3270000.0,3490000.0,3720000.0,3960000.0,4190000.0,4430000.0,4660000.0,5010000.0,5620000.0,6300000.0,6710000.0,6940000.0,7200000.0,7500000.0,7830000.0,8240000.0,8670000.0
Argentina,23900000.0,24300000.0,24600000.0,25000000.0,25500000.0,25900000.0,26300000.0,26700000.0,27100000.0,27600000.0,28000000.0,28500000.0,28900000.0,29400000.0,29900000.0,30300000.0,30800000.0,31300000.0,31800000.0,32300000.0,32800000.0,33200000.0,33700000.0,34200000.0,34600000.0,35100000.0,35500000.0,35900000.0,36400000.0,36800000.0,37200000.0,37600000.0,38000000.0,38400000.0,38800000.0,39200000.0,39600000.0,40000000.0,40400000.0,40900000.0,41300000.0,41700000.0,42200000.0,42600000.0,43000000.0,43500000.0
Armenia,2480000.0,2530000.0,2580000.0,2630000.0,2690000.0,2740000.0,2820000.0,2910000.0,3010000.0,3080000.0,3110000.0,3140000.0,3160000.0,3190000.0,3220000.0,3260000.0,3290000.0,3330000.0,3360000.0,3440000.0,3550000.0,3610000.0,3570000.0,3450000.0,3360000.0,3310000.0,3280000.0,3250000.0,3210000.0,3170000.0,3130000.0,3080000.0,3060000.0,3040000.0,3020000.0,3010000.0,2990000.0,2970000.0,2960000.0,2950000.0,2930000.0,2920000.0,2920000.0,2920000.0,2920000.0,2920000.0
Antigua and Barbuda,64500.0,64700.0,64600.0,64300.0,64100.0,63800.0,63800.0,63900.0,64000.0,64300.0,64500.0,64700.0,64800.0,64900.0,64900.0,64600.0,64300.0,63900.0,63600.0,63300.0,63100.0,63400.0,64400.0,65600.0,66800.0,68200.0,69600.0,71100.0,72400.0,73700.0,74900.0,76100.0,77000.0,77900.0,78700.0,79600.0,80600.0,81700.0,82900.0,84200.0,85300.0,86300.0,87300.0,88100.0,88800.0,89400.0
Australia,12600000.0,13000000.0,13300000.0,13500000.0,13700000.0,13900000.0,14000000.0,14200000.0,14400000.0,14500000.0,14700000.0,14900000.0,15200000.0,15400000.0,15600000.0,15800000.0,16100000.0,16300000.0,16600000.0,16900000.0,17100000.0,17400000.0,17500000.0,17700000.0,17900000.0,18100000.0,18300000.0,18500000.0,18700000.0,18900000.0,19100000.0,19400000.0,19600000.0,19800000.0,20000000.0,20300000.0,20600000.0,21000000.0,21400000.0,21800000.0,22100000.0,22500000.0,22900000.0,23200000.0,23600000.0,23900000.0
Austria,7470000.0,7500000.0,7540000.0,7590000.0,7600000.0,7580000.0,7560000.0,7570000.0,7560000.0,7550000.0,7550000.0,7570000.0,7570000.0,7560000.0,7560000.0,7560000.0,7570000.0,7570000.0,7590000.0,7620000.0,7680000.0,7760000.0,7840000.0,7910000.0,7940000.0,7950000.0,7960000.0,7970000.0,7980000.0,7990000.0,8010000.0,8040000.0,8080000.0,8120000.0,8170000.0,8230000.0,8270000.0,8300000.0,8320000.0,8350000.0,8370000.0,8390000.0,8430000.0,8480000.0,8550000.0,8640000.0
Azerbaijan,5180000.0,5280000.0,5380000.0,5480000.0,5570000.0,5670000.0,5790000.0,5940000.0,6080000.0,6190000.0,6280000.0,6390000.0,6490000.0,6600000.0,6710000.0,6800000.0,6890000.0,6980000.0,7080000.0,7170000.0,7230000.0,7310000.0,7410000.0,7500000.0,7610000.0,7720000.0,7830000.0,7940000.0,8030000.0,8100000.0,8170000.0,8250000.0,8330000.0,8400000.0,8490000.0,8600000.0,8710000.0,8830000.0,8940000.0,9050000.0,9150000.0,9260000.0,9380000.0,9500000.0,9630000.0,9750000.0
Burundi,3530000.0,3620000.0,3620000.0,3610000.0,3700000.0,3800000.0,3880000.0,3980000.0,4100000.0,4200000.0,4380000.0,4570000.0,4680000.0,4810000.0,4930000.0,5030000.0,5130000.0,5250000.0,5370000.0,5470000.0,5590000.0,5700000.0,5860000.0,5680000.0,5710000.0,6070000.0,6070000.0,6070000.0,6190000.0,6340000.0,6470000.0,6630000.0,6820000.0,7040000.0,7310000.0,7590000.0,7870000.0,8160000.0,8510000.0,8950000.0,9380000.0,9720000.0,10100000.0,10400000.0,10800000.0,11000000.0
Belgium,9630000.0,9670000.0,9690000.0,9720000.0,9740000.0,9750000.0,9760000.0,9770000.0,9790000.0,9810000.0,9830000.0,9850000.0,9860000.0,9870000.0,9870000.0,9880000.0,9890000.0,9900000.0,9920000.0,9940000.0,9960000.0,10000000.0,10000000.0,10100000.0,10100000.0,10100000.0,10200000.0,10200000.0,10200000.0,10200000.0,10300000.0,10300000.0,10300000.0,10400000.0,10400000.0,10500000.0,10500000.0,10600000.0,10700000.0,10800000.0,10900000.0,11000000.0,11100000.0,11200000.0,11200000.0,11300000.0
Benin,3070000.0,3130000.0,3210000.0,3280000.0,3360000.0,3450000.0,3530000.0,3620000.0,3720000.0,3820000.0,3930000.0,4040000.0,4160000.0,4280000.0,4410000.0,4540000.0,4680000.0,4820000.0,4970000.0,5120000.0,5280000.0,5450000.0,5620000.0,5870000.0,6100000.0,6230000.0,6390000.0,6580000.0,6790000.0,7000000.0,7220000.0,7450000.0,7680000.0,7910000.0,8160000.0,8430000.0,8690000.0,8950000.0,9230000.0,9510000.0,9800000.0,10100000.0,10400000.0,10700000.0,11000000.0,11400000.0
Burkina Faso,5610000.0,5710000.0,5810000.0,5910000.0,6020000.0,6150000.0,6280000.0,6430000.0,6590000.0,6760000.0,6950000.0,7140000.0,7340000.0,7550000.0,7770000.0,8000000.0,8230000.0,8460000.0,8690000.0,8920000.0,9160000.0,9390000.0,9630000.0,9870000.0,10100000.0,10400000.0,10700000.0,10900000.0,11200000.0,11600000.0,11900000.0,12300000.0,12700000.0,13100000.0,13500000.0,13900000.0,14400000.0,14800000.0,15300000.0,15700000.0,16200000.0,16700000.0,17200000.0,17700000.0,18200000.0,18800000.0
Bangladesh,69100000.0,70300000.0,71600000.0,73700000.0,75800000.0,77900000.0,79900000.0,81900000.0,83900000.0,85900000.0,88000000.0,90300000.0,92800000.0,95300000.0,97800000.0,100000000.0,103000000.0,105000000.0,107000000.0,109000000.0,112000000.0,114000000.0,116000000.0,118000000.0,120000000.0,123000000.0,125000000.0,127000000.0,130000000.0,132000000.0,135000000.0,137000000.0,139000000.0,141000000.0,143000000.0,145000000.0,146000000.0,148000000.0,149000000.0,151000000.0,152000000.0,154000000.0,155000000.0,157000000.0,158000000.0,159000000.0
Bulgaria,8490000.0,8540000.0,8580000.0,8620000.0,8680000.0,8720000.0,8760000.0,8800000.0,8810000.0,8820000.0,8860000.0,8890000.0,8910000.0,8930000.0,8950000.0,8960000.0,8960000.0,8980000.0,8990000.0,8940000.0,8820000.0,8700000.0,8560000.0,8470000.0,8420000.0,8360000.0,8290000.0,8220000.0,8140000.0,8070000.0,8000000.0,7930000.0,7860000.0,7800000.0,7750000.0,7700000.0,7640000.0,7590000.0,7540000.0,7490000.0,7440000.0,7380000.0,7320000.0,7260000.0,7220000.0,7180000.0
Bahrain,225000.0,231000.0,242000.0,255000.0,269000.0,283000.0,298000.0,313000.0,328000.0,343000.0,359000.0,374000.0,387000.0,401000.0,415000.0,430000.0,446000.0,463000.0,480000.0,497000.0,515000.0,532000.0,548000.0,563000.0,578000.0,593000.0,609000.0,624000.0,639000.0,655000.0,670000.0,700000.0,752000.0,811000.0,871000.0,933000.0,995000.0,1060000.0,1120000.0,1180000.0,1210000.0,1210000.0,1220000.0,1260000.0,1310000.0,1370000.0
Bahamas,185000.0,191000.0,196000.0,201000.0,205000.0,210000.0,215000.0,219000.0,224000.0,228000.0,233000.0,237000.0,241000.0,245000.0,249000.0,253000.0,258000.0,262000.0,266000.0,271000.0,276000.0,281000.0,286000.0,291000.0,297000.0,301000.0,306000.0,311000.0,315000.0,320000.0,324000.0,328000.0,332000.0,336000.0,340000.0,344000.0,348000.0,353000.0,358000.0,363000.0,367000.0,372000.0,375000.0,379000.0,382000.0,385000.0
Bosnia and Herzegovina,3770000.0,3810000.0,3850000.0,3890000.0,3930000.0,3970000.0,4000000.0,4040000.0,4080000.0,4110000.0,4150000.0,4180000.0,4220000.0,4260000.0,4300000.0,4330000.0,4360000.0,4390000.0,4410000.0,4430000.0,4450000.0,4460000.0,4230000.0,3900000.0,3730000.0,3720000.0,3880000.0,4020000.0,4090000.0,4130000.0,4160000.0,4180000.0,4190000.0,4180000.0,4140000.0,4100000.0,4060000.0,4010000.0,3950000.0,3880000.0,3810000.0,3740000.0,3670000.0,3610000.0,3560000.0,3520000.0
Belarus,9010000.0,9080000.0,9140000.0,9210000.0,9270000.0,9320000.0,9380000.0,9430000.0,9490000.0,9540000.0,9600000.0,9680000.0,9750000.0,9820000.0,9880000.0,9940000.0,10000000.0,10100000.0,10100000.0,10200000.0,10200000.0,10200000.0,10200000.0,10200000.0,10200000.0,10200000.0,10200000.0,10100000.0,10100000.0,10000000.0,9990000.0,9940000.0,9870000.0,9800000.0,9740000.0,9670000.0,9610000.0,9560000.0,9530000.0,9510000.0,9490000.0,9470000.0,9460000.0,9460000.0,9470000.0,9490000.0
Belize,121000.0,123000.0,125000.0,126000.0,128000.0,130000.0,133000.0,136000.0,139000.0,142000.0,145000.0,149000.0,153000.0,156000.0,160000.0,164000.0,168000.0,171000.0,175000.0,179000.0,183000.0,187000.0,191000.0,195000.0,199000.0,204000.0,210000.0,217000.0,225000.0,233000.0,241000.0,248000.0,256000.0,264000.0,272000.0,280000.0,288000.0,296000.0,304000.0,313000.0,320000.0,327000.0,334000.0,342000.0,349000.0,356000.0
Bolivia,4590000.0,4690000.0,4800000.0,4910000.0,5020000.0,5140000.0,5260000.0,5380000.0,5500000.0,5630000.0,5760000.0,5890000.0,6020000.0,6150000.0,6280000.0,6420000.0,6550000.0,6690000.0,6840000.0,6980000.0,7130000.0,7280000.0,7430000.0,7580000.0,7730000.0,7870000.0,8020000.0,8170000.0,8310000.0,8460000.0,8610000.0,8750000.0,8900000.0,9050000.0,9200000.0,9360000.0,9520000.0,9690000.0,9850000.0,10000000.0,10200000.0,10300000.0,10500000.0,10700000.0,10800000.0,11000000.0
Brazil,95400000.0,97700000.0,100000000.0,103000000.0,105000000.0,108000000.0,110000000.0,113000000.0,116000000.0,118000000.0,121000000.0,124000000.0,127000000.0,130000000.0,133000000.0,136000000.0,138000000.0,141000000.0,144000000.0,147000000.0,149000000.0,152000000.0,154000000.0,157000000.0,159000000.0,162000000.0,164000000.0,167000000.0,169000000.0,172000000.0,174000000.0,176000000.0,179000000.0,181000000.0,183000000.0,185000000.0,187000000.0,189000000.0,190000000.0,192000000.0,194000000.0,195000000.0,197000000.0,198000000.0,200000000.0,202000000.0
Barbados,249000.0,249000.0,250000.0,250000.0,251000.0,251000.0,251000.0,252000.0,252000.0,251000.0,252000.0,252000.0,253000.0,254000.0,255000.0,256000.0,257000.0,257000.0,258000.0,258000.0,259000.0,259000.0,260000.0,261000.0,262000.0,262000.0,262000.0,262000.0,262000.0,263000.0,262000.0,262000.0,264000.0,266000.0,267000.0,269000.0,270000.0,271000.0,273000.0,274000.0,275000.0,276000.0,277000.0,278000.0,278000.0,279000.0
Brunei,135000.0,138000.0,142000.0,147000.0,153000.0,158000.0,164000.0,169000.0,175000.0,180000.0,186000.0,192000.0,198000.0,205000.0,212000.0,219000.0,226000.0,234000.0,241000.0,248000.0,255000.0,263000.0,270000.0,277000.0,284000.0,291000.0,298000.0,305000.0,312000.0,319000.0,326000.0,333000.0,340000.0,347000.0,353000.0,359000.0,365000.0,371000.0,378000.0,385000.0,392000.0,399000.0,406000.0,411000.0,417000.0,422000.0
Bhutan,309000.0,319000.0,330000.0,342000.0,354000.0,366000.0,378000.0,392000.0,405000.0,419000.0,433000.0,448000.0,462000.0,477000.0,493000.0,508000.0,524000.0,541000.0,557000.0,574000.0,589000.0,600000.0,578000.0,555000.0,554000.0,548000.0,549000.0,559000.0,569000.0,583000.0,597000.0,611000.0,624000.0,638000.0,651000.0,662000.0,671000.0,679000.0,686000.0,694000.0,702000.0,709000.0,717000.0,725000.0,733000.0,741000.0
Botswana,590000.0,600000.0,622000.0,652000.0,685000.0,720000.0,759000.0,800000.0,849000.0,902000.0,937000.0,970000.0,1010000.0,1050000.0,1080000.0,1120000.0,1160000.0,1200000.0,1240000.0,1270000.0,1310000.0,1340000.0,1380000.0,1420000.0,1460000.0,1500000.0,1540000.0,1570000.0,1610000.0,1640000.0,1680000.0,1710000.0,1740000.0,1780000.0,1810000.0,1840000.0,1870000.0,1910000.0,1950000.0,1990000.0,2030000.0,2070000.0,2110000.0,2140000.0,2170000.0,2200000.0
Central African Republic,2100000.0,2140000.0,2180000.0,2230000.0,2270000.0,2310000.0,2350000.0,2370000.0,2400000.0,2420000.0,2450000.0,2480000.0,2510000.0,2540000.0,2570000.0,2600000.0,2630000.0,2670000.0,2710000.0,2780000.0,2870000.0,2960000.0,3060000.0,3160000.0,3260000.0,3350000.0,3440000.0,3530000.0,3630000.0,3730000.0,3830000.0,3920000.0,4010000.0,4100000.0,4190000.0,4290000.0,4380000.0,4460000.0,4560000.0,4530000.0,4490000.0,4570000.0,4610000.0,4640000.0,4620000.0,4630000.0
Canada,21400000.0,21900000.0,22200000.0,22500000.0,22800000.0,23100000.0,23500000.0,23700000.0,24000000.0,24200000.0,24500000.0,24800000.0,25100000.0,25400000.0,25700000.0,25900000.0,26200000.0,26500000.0,26900000.0,27400000.0,27800000.0,28200000.0,28500000.0,28800000.0,29100000.0,29500000.0,29800000.0,30100000.0,30300000.0,30600000.0,30900000.0,31200000.0,31500000.0,31800000.0,32100000.0,32400000.0,32800000.0,33100000.0,33400000.0,33800000.0,34200000.0,34600000.0,34900000.0,35300000.0,35600000.0,36000000.0
Switzerland,6180000.0,6210000.0,6260000.0,6310000.0,6340000.0,6340000.0,6300000.0,6280000.0,6280000.0,6290000.0,6320000.0,6350000.0,6390000.0,6420000.0,6440000.0,6470000.0,6500000.0,6550000.0,6590000.0,6650000.0,6710000.0,6800000.0,6880000.0,6940000.0,6990000.0,7040000.0,7070000.0,7090000.0,7110000.0,7140000.0,7180000.0,7230000.0,7280000.0,7330000.0,7380000.0,7430000.0,7480000.0,7550000.0,7640000.0,7740000.0,7830000.0,7910000.0,8000000.0,8090000.0,8190000.0,8280000.0
Chile,9850000.0,10000000.0,10200000.0,10300000.0,10500000.0,10700000.0,10800000.0,11000000.0,11200000.0,11300000.0,11500000.0,11700000.0,11900000.0,12000000.0,12200000.0,12400000.0,12600000.0,12800000.0,13000000.0,13200000.0,13400000.0,13700000.0,13900000.0,14100000.0,14300000.0,14500000.0,14700000.0,14900000.0,15100000.0,15300000.0,15500000.0,15700000.0,15900000.0,16000000.0,16200000.0,16300000.0,16500000.0,16700000.0,16800000.0,17000000.0,17200000.0,17400000.0,17500000.0,17700000.0,17900000.0,18000000.0
China,823000000.0,844000000.0,864000000.0,883000000.0,900000000.0,916000000.0,930000000.0,944000000.0,956000000.0,969000000.0,983000000.0,998000000.0,1010000000.0,1030000000.0,1040000000.0,1060000000.0,1080000000.0,1100000000.0,1120000000.0,1130000000.0,1150000000.0,1170000000.0,1180000000.0,1200000000.0,1210000000.0,1220000000.0,1230000000.0,1240000000.0,1250000000.0,1260000000.0,1270000000.0,1280000000.0,1290000000.0,1290000000.0,1300000000.0,1310000000.0,1320000000.0,1330000000.0,1330000000.0,1340000000.0,1350000000.0,1360000000.0,1370000000.0,1380000000.0,1390000000.0,1400000000.0
Cote d'Ivoire,5410000.0,5650000.0,5910000.0,6180000.0,6470000.0,6780000.0,7060000.0,7320000.0,7600000.0,7900000.0,8220000.0,8560000.0,8910000.0,9270000.0,9650000.0,10000000.0,10400000.0,10900000.0,11300000.0,11700000.0,12200000.0,12700000.0,13200000.0,13700000.0,14300000.0,14900000.0,15400000.0,16000000.0,16700000.0,17200000.0,17700000.0,18200000.0,18700000.0,19100000.0,19600000.0,20100000.0,20500000.0,21000000.0,21500000.0,22000000.0,22500000.0,23000000.0,23500000.0,23900000.0,24500000.0,25200000.0
Cameroon,6450000.0,6620000.0,6810000.0,7000000.0,7190000.0,7400000.0,7600000.0,7800000.0,8010000.0,8240000.0,8510000.0,8820000.0,9030000.0,9220000.0,9480000.0,9760000.0,10100000.0,10400000.0,10700000.0,11000000.0,11300000.0,11700000.0,12000000.0,12400000.0,12700000.0,13100000.0,13400000.0,13800000.0,14100000.0,14500000.0,14900000.0,15300000.0,15700000.0,16200000.0,16600000.0,17100000.0,17600000.0,18000000.0,18600000.0,19100000.0,19700000.0,20200000.0,20800000.0,21400000.0,22100000.0,22800000.0
"Congo, Dem. Rep.",20100000.0,20700000.0,21300000.0,21800000.0,22400000.0,23000000.0,23600000.0,24200000.0,25000000.0,25900000.0,26700000.0,27500000.0,28300000.0,29300000.0,30200000.0,31300000.0,32300000.0,33300000.0,34400000.0,35500000.0,36700000.0,37900000.0,39200000.0,40700000.0,42600000.0,44400000.0,45300000.0,46000000.0,47300000.0,48900000.0,50500000.0,52100000.0,53800000.0,55300000.0,57000000.0,58800000.0,60600000.0,62500000.0,64400000.0,66400000.0,68600000.0,70800000.0,73300000.0,75800000.0,78400000.0,81000000.0
"Congo, Rep.",1400000.0,1440000.0,1490000.0,1530000.0,1580000.0,1630000.0,1670000.0,1710000.0,1750000.0,1790000.0,1830000.0,1870000.0,1910000.0,1950000.0,2000000.0,2060000.0,2120000.0,2180000.0,2250000.0,2310000.0,2380000.0,2450000.0,2520000.0,2600000.0,2670000.0,2750000.0,2830000.0,2890000.0,2950000.0,3030000.0,3150000.0,3270000.0,3350000.0,3450000.0,3570000.0,3700000.0,3840000.0,3980000.0,4110000.0,4280000.0,4460000.0,4610000.0,4740000.0,4860000.0,4980000.0,5100000.0
Colombia,20800000.0,21300000.0,21800000.0,22300000.0,22800000.0,23300000.0,23900000.0,24400000.0,25000000.0,25500000.0,26100000.0,26700000.0,27300000.0,28000000.0,28600000.0,29300000.0,29900000.0,30500000.0,31100000.0,31800000.0,32400000.0,33100000.0,33800000.0,34400000.0,35100000.0,35800000.0,36500000.0,37100000.0,37800000.0,38500000.0,39100000.0,39700000.0,40300000.0,40900000.0,41500000.0,42100000.0,42700000.0,43200000.0,43800000.0,44300000.0,44800000.0,45300000.0,45700000.0,46200000.0,46600000.0,47000000.0
Comoros,244000.0,252000.0,260000.0,269000.0,278000.0,288000.0,298000.0,308000.0,318000.0,328000.0,338000.0,347000.0,357000.0,367000.0,378000.0,388000.0,399000.0,410000.0,422000.0,433000.0,445000.0,456000.0,465000.0,474000.0,482000.0,491000.0,499000.0,508000.0,517000.0,526000.0,536000.0,547000.0,559000.0,570000.0,581000.0,593000.0,605000.0,617000.0,629000.0,642000.0,655000.0,668000.0,682000.0,696000.0,712000.0,727000.0
Cape Verde,288000.0,294000.0,297000.0,300000.0,303000.0,306000.0,309000.0,313000.0,316000.0,319000.0,323000.0,328000.0,333000.0,338000.0,343000.0,347000.0,352000.0,357000.0,362000.0,368000.0,375000.0,385000.0,393000.0,402000.0,410000.0,418000.0,426000.0,433000.0,440000.0,447000.0,453000.0,460000.0,467000.0,473000.0,479000.0,485000.0,491000.0,496000.0,501000.0,506000.0,510000.0,511000.0,512000.0,512000.0,512000.0,512000.0
Costa Rica,1840000.0,1890000.0,1940000.0,1990000.0,2040000.0,2090000.0,2150000.0,2210000.0,2260000.0,2330000.0,2390000.0,2460000.0,2520000.0,2600000.0,2670000.0,2740000.0,2820000.0,2890000.0,2970000.0,3040000.0,3120000.0,3200000.0,3280000.0,3370000.0,3450000.0,3540000.0,3620000.0,3700000.0,3780000.0,3860000.0,3940000.0,4010000.0,4080000.0,4140000.0,4200000.0,4260000.0,4320000.0,4380000.0,4440000.0,4500000.0,4560000.0,4610000.0,4660000.0,4720000.0,4770000.0,4820000.0
Cuba,8820000.0,8980000.0,9120000.0,9260000.0,9370000.0,9480000.0,9570000.0,9650000.0,9710000.0,9760000.0,9800000.0,9850000.0,9910000.0,9990000.0,10100000.0,10200000.0,10200000.0,10300000.0,10400000.0,10500000.0,10600000.0,10700000.0,10800000.0,10800000.0,10900000.0,10900000.0,11000000.0,11000000.0,11000000.0,11100000.0,11100000.0,11100000.0,11200000.0,11200000.0,11200000.0,11300000.0,11300000.0,11300000.0,11300000.0,11300000.0,11300000.0,11300000.0,11300000.0,11300000.0,11300000.0,11300000.0
Cyprus,647000.0,654000.0,661000.0,666000.0,663000.0,659000.0,662000.0,667000.0,672000.0,678000.0,683000.0,689000.0,696000.0,707000.0,719000.0,731000.0,743000.0,755000.0,766000.0,777000.0,788000.0,799000.0,810000.0,826000.0,845000.0,863000.0,880000.0,898000.0,915000.0,931000.0,948000.0,964000.0,981000.0,1000000.0,1020000.0,1040000.0,1050000.0,1070000.0,1090000.0,1110000.0,1130000.0,1150000.0,1170000.0,1180000.0,1200000.0,1220000.0
Czech Republic,9800000.0,9820000.0,9860000.0,9910000.0,9970000.0,10000000.0,10100000.0,10100000.0,10200000.0,10200000.0,10300000.0,10300000.0,10300000.0,10300000.0,10300000.0,10300000.0,10300000.0,10300000.0,10300000.0,10300000.0,10300000.0,10300000.0,10300000.0,10300000.0,10300000.0,10300000.0,10300000.0,10300000.0,10300000.0,10300000.0,10200000.0,10200000.0,10200000.0,10200000.0,10300000.0,10300000.0,10300000.0,10300000.0,10400000.0,10400000.0,10500000.0,10500000.0,10500000.0,10500000.0,10500000.0,10500000.0
Germany,78200000.0,78300000.0,78700000.0,79000000.0,79000000.0,78700000.0,78400000.0,78200000.0,78100000.0,78100000.0,78300000.0,78400000.0,78400000.0,78200000.0,78000000.0,77900000.0,77900000.0,78100000.0,78400000.0,79000000.0,79700000.0,80300000.0,80900000.0,81500000.0,81800000.0,82000000.0,82300000.0,82400000.0,82000000.0,81700000.0,81800000.0,81900000.0,82100000.0,82100000.0,82100000.0,82000000.0,81700000.0,81300000.0,81100000.0,80900000.0,80800000.0,80900000.0,80900000.0,81000000.0,81400000.0,82100000.0
Djibouti,145000.0,155000.0,166000.0,178000.0,193000.0,210000.0,231000.0,255000.0,280000.0,305000.0,326000.0,343000.0,357000.0,370000.0,384000.0,403000.0,426000.0,454000.0,485000.0,523000.0,580000.0,631000.0,626000.0,614000.0,627000.0,633000.0,648000.0,672000.0,699000.0,724000.0,747000.0,771000.0,796000.0,814000.0,826000.0,839000.0,856000.0,875000.0,893000.0,912000.0,930000.0,949000.0,967000.0,985000.0,1000000.0,1020000.0
Dominica,68900.0,69500.0,70100.0,70600.0,71100.0,71600.0,72000.0,72400.0,72700.0,73000.0,73100.0,73000.0,72700.0,72400.0,72100.0,71700.0,71400.0,71000.0,70600.0,70200.0,69600.0,69300.0,69300.0,69400.0,69500.0,69500.0,69400.0,69300.0,69100.0,68900.0,68500.0,68300.0,68400.0,68500.0,68600.0,68700.0,68800.0,68800.0,68900.0,68900.0,68900.0,69100.0,69100.0,69700.0,70400.0,70400.0
Denmark,4930000.0,4960000.0,4990000.0,5020000.0,5050000.0,5060000.0,5070000.0,5090000.0,5100000.0,5120000.0,5120000.0,5120000.0,5120000.0,5110000.0,5110000.0,5110000.0,5120000.0,5130000.0,5130000.0,5130000.0,5140000.0,5150000.0,5170000.0,5190000.0,5210000.0,5230000.0,5260000.0,5290000.0,5300000.0,5320000.0,5340000.0,5360000.0,5380000.0,5390000.0,5400000.0,5420000.0,5440000.0,5460000.0,5490000.0,5520000.0,5550000.0,5570000.0,5590000.0,5620000.0,5640000.0,5680000.0
Dominican Republic,4400000.0,4520000.0,4650000.0,4780000.0,4910000.0,5050000.0,5180000.0,5320000.0,5450000.0,5590000.0,5730000.0,5870000.0,6010000.0,6150000.0,6290000.0,6430000.0,6570000.0,6710000.0,6860000.0,7000000.0,7150000.0,7300000.0,7450000.0,7590000.0,7740000.0,7890000.0,8030000.0,8170000.0,8310000.0,8450000.0,8580000.0,8720000.0,8850000.0,8980000.0,9100000.0,9230000.0,9340000.0,9460000.0,9570000.0,9700000.0,9820000.0,9950000.0,10100000.0,10200000.0,10300000.0,10400000.0
Algeria,13800000.0,14100000.0,14400000.0,14800000.0,15100000.0,15700000.0,16400000.0,17000000.0,17500000.0,18000000.0,18600000.0,19200000.0,19900000.0,20600000.0,21300000.0,22000000.0,22700000.0,23400000.0,24100000.0,24800000.0,25400000.0,26000000.0,26600000.0,27300000.0,27900000.0,28500000.0,29000000.0,29600000.0,30100000.0,30500000.0,30900000.0,31300000.0,31800000.0,32200000.0,32600000.0,33100000.0,33600000.0,34200000.0,34800000.0,35500000.0,36200000.0,36900000.0,37600000.0,38400000.0,39200000.0,40000000.0
Ecuador,6160000.0,6340000.0,6530000.0,6720000.0,6920000.0,7120000.0,7320000.0,7530000.0,7740000.0,7950000.0,8170000.0,8390000.0,8610000.0,8840000.0,9070000.0,9310000.0,9550000.0,9780000.0,10000000.0,10200000.0,10500000.0,10700000.0,10900000.0,11200000.0,11400000.0,11600000.0,11800000.0,12000000.0,12300000.0,12500000.0,12700000.0,12900000.0,13100000.0,13400000.0,13600000.0,13800000.0,14100000.0,14300000.0,14600000.0,14800000.0,15100000.0,15300000.0,15600000.0,15800000.0,16000000.0,16300000.0
Egypt,34600000.0,35400000.0,36300000.0,37100000.0,38000000.0,38900000.0,39800000.0,40700000.0,41800000.0,42800000.0,44000000.0,45100000.0,46400000.0,47800000.0,49200000.0,50700000.0,52200000.0,53700000.0,55200000.0,56700000.0,58400000.0,60000000.0,61500000.0,62900000.0,64300000.0,65700000.0,67000000.0,68400000.0,69900000.0,71500000.0,73100000.0,74700000.0,76200000.0,77900000.0,79500000.0,81100000.0,82700000.0,84300000.0,85900000.0,87500000.0,89200000.0,91100000.0,93200000.0,95300000.0,97500000.0,99600000.0
Eritrea,1240000.0,1280000.0,1310000.0,1340000.0,1380000.0,1410000.0,1440000.0,1480000.0,1520000.0,1560000.0,1610000.0,1650000.0,1700000.0,1740000.0,1770000.0,1810000.0,1850000.0,1890000.0,1940000.0,1990000.0,2030000.0,1920000.0,1800000.0,1860000.0,1910000.0,2030000.0,2130000.0,2150000.0,2180000.0,2210000.0,2250000.0,2310000.0,2390000.0,2490000.0,2600000.0,2660000.0,2700000.0,2740000.0,2820000.0,2890000.0,2950000.0,3000000.0,3040000.0,3070000.0,3100000.0,3110000.0
Spain,33800000.0,34200000.0,34500000.0,34900000.0,35400000.0,35800000.0,36200000.0,36600000.0,36900000.0,37200000.0,37500000.0,37800000.0,38000000.0,38300000.0,38400000.0,38600000.0,38700000.0,38900000.0,39000000.0,39000000.0,39100000.0,39200000.0,39400000.0,39700000.0,39900000.0,40100000.0,40200000.0,40400000.0,40600000.0,40800000.0,41000000.0,41200000.0,41800000.0,42500000.0,43200000.0,44000000.0,44700000.0,45500000.0,46200000.0,46600000.0,46800000.0,47000000.0,47000000.0,46900000.0,46700000.0,46700000.0
Estonia,1360000.0,1370000.0,1390000.0,1400000.0,1410000.0,1420000.0,1430000.0,1450000.0,1460000.0,1470000.0,1480000.0,1490000.0,1490000.0,1510000.0,1520000.0,1530000.0,1540000.0,1550000.0,1560000.0,1570000.0,1570000.0,1570000.0,1540000.0,1500000.0,1480000.0,1450000.0,1430000.0,1420000.0,1410000.0,1400000.0,1400000.0,1390000.0,1380000.0,1370000.0,1360000.0,1350000.0,1350000.0,1340000.0,1340000.0,1330000.0,1330000.0,1330000.0,1320000.0,1320000.0,1310000.0,1310000.0
Ethiopia,27800000.0,28600000.0,29400000.0,30200000.0,31000000.0,31700000.0,32500000.0,33200000.0,33700000.0,34200000.0,34400000.0,35300000.0,36700000.0,37700000.0,38700000.0,39800000.0,41000000.0,42500000.0,44200000.0,45900000.0,47600000.0,49700000.0,51900000.0,53700000.0,55600000.0,57500000.0,59500000.0,61400000.0,63400000.0,65400000.0,67400000.0,69500000.0,71600000.0,73800000.0,76100000.0,78400000.0,80700000.0,83100000.0,85500000.0,88000000.0,90500000.0,93100000.0,95800000.0,98400000.0,101000000.0,104000000.0
Finland,4610000.0,4610000.0,4640000.0,4670000.0,4690000.0,4710000.0,4730000.0,4740000.0,4750000.0,4760000.0,4780000.0,4800000.0,4830000.0,4860000.0,4880000.0,4900000.0,4920000.0,4930000.0,4950000.0,4960000.0,4990000.0,5010000.0,5040000.0,5070000.0,5090000.0,5110000.0,5120000.0,5140000.0,5150000.0,5170000.0,5180000.0,5190000.0,5200000.0,5210000.0,5230000.0,5250000.0,5270000.0,5290000.0,5310000.0,5340000.0,5360000.0,5390000.0,5410000.0,5440000.0,5460000.0,5480000.0
Fiji,531000.0,541000.0,550000.0,559000.0,567000.0,576000.0,586000.0,598000.0,612000.0,627000.0,642000.0,657000.0,673000.0,690000.0,707000.0,724000.0,739000.0,751000.0,759000.0,766000.0,773000.0,780000.0,785000.0,790000.0,795000.0,799000.0,804000.0,812000.0,822000.0,832000.0,841000.0,850000.0,858000.0,866000.0,874000.0,882000.0,890000.0,898000.0,903000.0,907000.0,910000.0,913000.0,915000.0,916000.0,918000.0,919000.0
France,50800000.0,51300000.0,51700000.0,52200000.0,52500000.0,52700000.0,53000000.0,53200000.0,53400000.0,53700000.0,53900000.0,54300000.0,54600000.0,54900000.0,55200000.0,55500000.0,55800000.0,56000000.0,56400000.0,56700000.0,57000000.0,57300000.0,57600000.0,57800000.0,58000000.0,58200000.0,58400000.0,58600000.0,58800000.0,59100000.0,59500000.0,59900000.0,60300000.0,60700000.0,61200000.0,61600000.0,62000000.0,62400000.0,62800000.0,63100000.0,63400000.0,63700000.0,64100000.0,64400000.0,64700000.0,64900000.0
"Micronesia, Fed. Sts.",58900.0,60600.0,62300.0,64000.0,65700.0,67400.0,69000.0,70800.0,72800.0,75100.0,77400.0,79800.0,82200.0,84700.0,87200.0,89700.0,92300.0,94800.0,97100.0,99000.0,101000.0,103000.0,105000.0,107000.0,109000.0,110000.0,111000.0,111000.0,111000.0,112000.0,112000.0,112000.0,112000.0,112000.0,112000.0,111000.0,111000.0,110000.0,109000.0,108000.0,108000.0,108000.0,108000.0,108000.0,108000.0,109000.0
Gabon,596000.0,608000.0,621000.0,634000.0,648000.0,662000.0,678000.0,694000.0,711000.0,729000.0,748000.0,768000.0,789000.0,811000.0,834000.0,857000.0,881000.0,905000.0,931000.0,957000.0,984000.0,1010000.0,1040000.0,1070000.0,1090000.0,1120000.0,1150000.0,1180000.0,1210000.0,1240000.0,1280000.0,1310000.0,1350000.0,1380000.0,1420000.0,1460000.0,1510000.0,1560000.0,1610000.0,1660000.0,1720000.0,1780000.0,1850000.0,1910000.0,1980000.0,2040000.0
UK,55700000.0,55900000.0,56100000.0,56200000.0,56200000.0,56200000.0,56200000.0,56200000.0,56200000.0,56200000.0,56300000.0,56300000.0,56300000.0,56300000.0,56500000.0,56600000.0,56800000.0,56900000.0,57000000.0,57200000.0,57400000.0,57600000.0,57700000.0,57900000.0,58000000.0,58200000.0,58300000.0,58400000.0,58600000.0,58800000.0,59100000.0,59300000.0,59500000.0,59800000.0,60200000.0,60600000.0,61100000.0,61500000.0,62000000.0,62500000.0,63000000.0,63500000.0,64000000.0,64400000.0,64900000.0,65400000.0
Georgia,4800000.0,4840000.0,4880000.0,4910000.0,4940000.0,4980000.0,5020000.0,5050000.0,5090000.0,5130000.0,5170000.0,5210000.0,5250000.0,5290000.0,5330000.0,5380000.0,5420000.0,5460000.0,5500000.0,5500000.0,5450000.0,5380000.0,5290000.0,5180000.0,5050000.0,4930000.0,4810000.0,4700000.0,4580000.0,4460000.0,4330000.0,4210000.0,4130000.0,4090000.0,4060000.0,4030000.0,4000000.0,3970000.0,3940000.0,3920000.0,3900000.0,3870000.0,3840000.0,3810000.0,3790000.0,3790000.0
Ghana,8930000.0,9180000.0,9440000.0,9710000.0,10000000.0,10300000.0,10600000.0,10900000.0,11200000.0,11600000.0,11900000.0,12300000.0,12600000.0,13000000.0,13400000.0,13700000.0,14000000.0,14300000.0,14600000.0,15000000.0,15400000.0,15800000.0,16200000.0,16600000.0,17000000.0,17400000.0,17800000.0,18200000.0,18700000.0,19100000.0,19600000.0,20200000.0,20700000.0,21300000.0,21900000.0,22400000.0,23000000.0,23600000.0,24200000.0,24900000.0,25500000.0,26100000.0,26700000.0,27400000.0,28000000.0,28700000.0
Guinea,4280000.0,4360000.0,4430000.0,4510000.0,4580000.0,4650000.0,4730000.0,4800000.0,4880000.0,4960000.0,5050000.0,5140000.0,5250000.0,5360000.0,5480000.0,5610000.0,5750000.0,5900000.0,6060000.0,6220000.0,6430000.0,6700000.0,6910000.0,7130000.0,7350000.0,7550000.0,7770000.0,7930000.0,8080000.0,8270000.0,8430000.0,8540000.0,8670000.0,8870000.0,9060000.0,9250000.0,9440000.0,9660000.0,9900000.0,10100000.0,10400000.0,10700000.0,10900000.0,11200000.0,11500000.0,11800000.0
Gambia,524000.0,539000.0,555000.0,572000.0,589000.0,607000.0,626000.0,646000.0,667000.0,690000.0,714000.0,739000.0,766000.0,795000.0,826000.0,859000.0,894000.0,931000.0,970000.0,1010000.0,1050000.0,1100000.0,1150000.0,1190000.0,1230000.0,1260000.0,1300000.0,1340000.0,1380000.0,1420000.0,1460000.0,1500000.0,1540000.0,1580000.0,1620000.0,1670000.0,1720000.0,1770000.0,1820000.0,1870000.0,1930000.0,1980000.0,2040000.0,2100000.0,2160000.0,2220000.0
Guinea-Bissau,584000.0,586000.0,587000.0,593000.0,613000.0,651000.0,694000.0,742000.0,792000.0,820000.0,829000.0,842000.0,856000.0,870000.0,884000.0,898000.0,912000.0,927000.0,942000.0,958000.0,974000.0,995000.0,1020000.0,1060000.0,1090000.0,1120000.0,1140000.0,1170000.0,1190000.0,1210000.0,1230000.0,1260000.0,1290000.0,1320000.0,1350000.0,1380000.0,1420000.0,1450000.0,1490000.0,1530000.0,1570000.0,1610000.0,1650000.0,1700000.0,1740000.0,1790000.0
Equatorial Guinea,321000.0,316000.0,309000.0,302000.0,295000.0,288000.0,281000.0,277000.0,277000.0,280000.0,289000.0,303000.0,322000.0,343000.0,365000.0,386000.0,405000.0,423000.0,440000.0,457000.0,474000.0,492000.0,511000.0,530000.0,550000.0,571000.0,593000.0,617000.0,641000.0,667000.0,703000.0,750000.0,798000.0,848000.0,900000.0,947000.0,990000.0,1040000.0,1080000.0,1140000.0,1190000.0,1240000.0,1290000.0,1350000.0,1400000.0,1450000.0
Greece,8750000.0,8790000.0,8850000.0,8890000.0,8930000.0,9020000.0,9160000.0,9280000.0,9390000.0,9530000.0,9650000.0,9750000.0,9840000.0,9910000.0,9980000.0,10000000.0,10100000.0,10100000.0,10200000.0,10200000.0,10300000.0,10300000.0,10400000.0,10400000.0,10500000.0,10500000.0,10600000.0,10600000.0,10700000.0,10700000.0,10800000.0,10800000.0,10900000.0,10900000.0,10900000.0,11000000.0,11000000.0,11000000.0,11100000.0,11100000.0,11100000.0,11100000.0,11000000.0,11000000.0,10900000.0,10800000.0
Guatemala,5400000.0,5540000.0,5680000.0,5830000.0,5980000.0,6130000.0,6260000.0,6400000.0,6560000.0,6730000.0,6900000.0,7080000.0,7240000.0,7420000.0,7630000.0,7850000.0,8070000.0,8300000.0,8530000.0,8780000.0,9020000.0,9270000.0,9520000.0,9780000.0,10000000.0,10300000.0,10600000.0,10900000.0,11100000.0,11400000.0,11700000.0,12000000.0,12200000.0,12500000.0,12800000.0,13100000.0,13400000.0,13700000.0,13900000.0,14200000.0,14500000.0,14800000.0,15100000.0,15400000.0,15700000.0,16000000.0
Guyana,703000.0,713000.0,722000.0,730000.0,738000.0,745000.0,752000.0,759000.0,765000.0,770000.0,774000.0,776000.0,777000.0,776000.0,774000.0,771000.0,768000.0,764000.0,760000.0,755000.0,750000.0,748000.0,750000.0,753000.0,756000.0,758000.0,761000.0,762000.0,764000.0,764000.0,765000.0,764000.0,764000.0,763000.0,762000.0,761000.0,759000.0,757000.0,755000.0,752000.0,749000.0,746000.0,746000.0,750000.0,754000.0,759000.0
Honduras,2750000.0,2830000.0,2920000.0,3010000.0,3100000.0,3190000.0,3290000.0,3400000.0,3510000.0,3610000.0,3730000.0,3840000.0,3960000.0,4080000.0,4200000.0,4320000.0,4450000.0,4580000.0,4710000.0,4840000.0,4980000.0,5120000.0,5270000.0,5420000.0,5580000.0,5740000.0,5900000.0,6070000.0,6230000.0,6400000.0,6580000.0,6760000.0,6940000.0,7120000.0,7300000.0,7480000.0,7660000.0,7830000.0,8010000.0,8190000.0,8370000.0,8540000.0,8720000.0,8890000.0,9060000.0,9240000.0
Croatia,4460000.0,4480000.0,4500000.0,4520000.0,4530000.0,4550000.0,4570000.0,4590000.0,4610000.0,4630000.0,4640000.0,4660000.0,4690000.0,4710000.0,4730000.0,4750000.0,4770000.0,4790000.0,4810000.0,4820000.0,4840000.0,4830000.0,4780000.0,4730000.0,4680000.0,4620000.0,4560000.0,4500000.0,4450000.0,4390000.0,4330000.0,4300000.0,4310000.0,4310000.0,4310000.0,4310000.0,4320000.0,4320000.0,4310000.0,4310000.0,4300000.0,4280000.0,4260000.0,4240000.0,4220000.0,4180000.0
Haiti,4640000.0,4720000.0,4810000.0,4910000.0,5000000.0,5100000.0,5200000.0,5300000.0,5400000.0,5510000.0,5610000.0,5720000.0,5840000.0,5950000.0,6070000.0,6190000.0,6320000.0,6450000.0,6580000.0,6710000.0,6850000.0,7000000.0,7140000.0,7280000.0,7420000.0,7560000.0,7710000.0,7850000.0,8000000.0,8150000.0,8300000.0,8460000.0,8610000.0,8760000.0,8910000.0,9060000.0,9220000.0,9370000.0,9530000.0,9690000.0,9800000.0,9910000.0,10100000.0,10200000.0,10400000.0,10500000.0
Hungary,10300000.0,10300000.0,10400000.0,10400000.0,10500000.0,10500000.0,10600000.0,10600000.0,10700000.0,10700000.0,10700000.0,10700000.0,10700000.0,10600000.0,10600000.0,10500000.0,10500000.0,10500000.0,10400000.0,10400000.0,10400000.0,10400000.0,10400000.0,10400000.0,10300000.0,10300000.0,10300000.0,10300000.0,10300000.0,10200000.0,10200000.0,10200000.0,10100000.0,10100000.0,10100000.0,10100000.0,10000000.0,10000000.0,10000000.0,10000000.0,9980000.0,9950000.0,9920000.0,9890000.0,9860000.0,9840000.0
Indonesia,116000000.0,119000000.0,122000000.0,125000000.0,129000000.0,132000000.0,135000000.0,139000000.0,142000000.0,145000000.0,149000000.0,152000000.0,156000000.0,160000000.0,163000000.0,167000000.0,170000000.0,174000000.0,177000000.0,180000000.0,184000000.0,187000000.0,190000000.0,193000000.0,197000000.0,200000000.0,203000000.0,207000000.0,210000000.0,213000000.0,216000000.0,219000000.0,222000000.0,225000000.0,228000000.0,231000000.0,234000000.0,237000000.0,240000000.0,243000000.0,246000000.0,249000000.0,253000000.0,256000000.0,259000000.0,262000000.0
India,546000000.0,558000000.0,570000000.0,583000000.0,597000000.0,611000000.0,626000000.0,641000000.0,656000000.0,671000000.0,687000000.0,704000000.0,720000000.0,737000000.0,755000000.0,773000000.0,791000000.0,809000000.0,827000000.0,846000000.0,865000000.0,884000000.0,903000000.0,922000000.0,941000000.0,960000000.0,980000000.0,999000000.0,1020000000.0,1040000000.0,1060000000.0,1080000000.0,1100000000.0,1120000000.0,1140000000.0,1150000000.0,1170000000.0,1190000000.0,1210000000.0,1230000000.0,1240000000.0,1260000000.0,1280000000.0,1300000000.0,1310000000.0,1330000000.0
Ireland,2960000.0,2990000.0,3040000.0,3080000.0,3130000.0,3180000.0,3230000.0,3280000.0,3330000.0,3380000.0,3420000.0,3450000.0,3480000.0,3500000.0,3520000.0,3530000.0,3540000.0,3540000.0,3530000.0,3510000.0,3510000.0,3530000.0,3560000.0,3580000.0,3590000.0,3610000.0,3640000.0,3670000.0,3710000.0,3750000.0,3800000.0,3860000.0,3930000.0,3990000.0,4070000.0,4160000.0,4270000.0,4390000.0,4490000.0,4530000.0,4560000.0,4580000.0,4600000.0,4620000.0,4660000.0,4700000.0
Iran,29100000.0,30000000.0,30900000.0,31800000.0,32800000.0,33800000.0,34800000.0,35900000.0,37100000.0,38400000.0,39800000.0,42000000.0,44300000.0,46000000.0,47800000.0,49600000.0,51400000.0,53300000.0,55100000.0,56700000.0,58400000.0,60000000.0,61200000.0,61400000.0,61500000.0,62200000.0,62900000.0,63600000.0,64500000.0,65400000.0,66400000.0,67500000.0,68000000.0,68800000.0,70300000.0,71800000.0,73400000.0,74600000.0,75500000.0,76500000.0,77400000.0,78400000.0,79400000.0,80400000.0,81500000.0,82600000.0
Iraq,9740000.0,10100000.0,10400000.0,10800000.0,11200000.0,11500000.0,11900000.0,12300000.0,12800000.0,13200000.0,13600000.0,14000000.0,14400000.0,14800000.0,15300000.0,15700000.0,16100000.0,16500000.0,16900000.0,17400000.0,17600000.0,17800000.0,18300000.0,19200000.0,20100000.0,20800000.0,21500000.0,22200000.0,22900000.0,23600000.0,24400000.0,25200000.0,26000000.0,26800000.0,27600000.0,28400000.0,28600000.0,28400000.0,29000000.0,30100000.0,31000000.0,32200000.0,33700000.0,35300000.0,36600000.0,37600000.0
Iceland,204000.0,206000.0,209000.0,212000.0,215000.0,218000.0,220000.0,222000.0,224000.0,226000.0,228000.0,231000.0,234000.0,237000.0,240000.0,241000.0,243000.0,246000.0,250000.0,253000.0,255000.0,258000.0,261000.0,264000.0,266000.0,268000.0,269000.0,271000.0,274000.0,277000.0,281000.0,285000.0,288000.0,290000.0,292000.0,297000.0,304000.0,312000.0,318000.0,319000.0,318000.0,319000.0,321000.0,324000.0,328000.0,331000.0
Israel,2860000.0,2980000.0,3080000.0,3160000.0,3240000.0,3320000.0,3400000.0,3480000.0,3560000.0,3640000.0,3720000.0,3800000.0,3880000.0,3960000.0,4030000.0,4110000.0,4170000.0,4240000.0,4310000.0,4380000.0,4540000.0,4780000.0,4960000.0,5090000.0,5220000.0,5350000.0,5500000.0,5650000.0,5790000.0,5950000.0,6110000.0,6260000.0,6390000.0,6500000.0,6620000.0,6730000.0,6840000.0,6960000.0,7080000.0,7210000.0,7340000.0,7470000.0,7610000.0,7750000.0,7900000.0,8050000.0
Italy,53400000.0,53700000.0,54100000.0,54500000.0,54800000.0,55200000.0,55500000.0,55700000.0,55900000.0,56100000.0,56400000.0,56600000.0,56700000.0,56800000.0,56800000.0,56900000.0,56900000.0,56900000.0,56900000.0,57000000.0,57000000.0,57100000.0,57100000.0,57200000.0,57400000.0,57400000.0,57200000.0,57200000.0,57200000.0,57200000.0,57300000.0,57300000.0,57400000.0,57700000.0,58200000.0,58500000.0,58800000.0,59100000.0,59600000.0,59900000.0,60200000.0,60400000.0,60500000.0,60700000.0,60700000.0,60600000.0
Jamaica,1880000.0,1900000.0,1930000.0,1960000.0,1990000.0,2020000.0,2050000.0,2070000.0,2090000.0,2120000.0,2150000.0,2170000.0,2200000.0,2230000.0,2260000.0,2290000.0,2310000.0,2330000.0,2350000.0,2360000.0,2380000.0,2400000.0,2420000.0,2450000.0,2480000.0,2500000.0,2520000.0,2550000.0,2570000.0,2590000.0,2610000.0,2620000.0,2640000.0,2660000.0,2670000.0,2690000.0,2700000.0,2710000.0,2730000.0,2740000.0,2750000.0,2760000.0,2770000.0,2780000.0,2790000.0,2800000.0
Jordan,1570000.0,1650000.0,1710000.0,1780000.0,1840000.0,1900000.0,1960000.0,2020000.0,2080000.0,2150000.0,2230000.0,2330000.0,2430000.0,2540000.0,2650000.0,2780000.0,2910000.0,3050000.0,3190000.0,3350000.0,3620000.0,3920000.0,4130000.0,4350000.0,4560000.0,4750000.0,4910000.0,5050000.0,5160000.0,5280000.0,5390000.0,5500000.0,5620000.0,5740000.0,5880000.0,6030000.0,6430000.0,6830000.0,6990000.0,7140000.0,7300000.0,7480000.0,7590000.0,7990000.0,8790000.0,9540000.0
Japan,107000000.0,108000000.0,109000000.0,111000000.0,112000000.0,113000000.0,115000000.0,116000000.0,117000000.0,118000000.0,118000000.0,119000000.0,119000000.0,120000000.0,120000000.0,121000000.0,121000000.0,122000000.0,122000000.0,123000000.0,123000000.0,124000000.0,124000000.0,125000000.0,125000000.0,126000000.0,126000000.0,126000000.0,127000000.0,127000000.0,127000000.0,127000000.0,127000000.0,128000000.0,128000000.0,128000000.0,128000000.0,128000000.0,128000000.0,128000000.0,128000000.0,128000000.0,128000000.0,128000000.0,127000000.0,127000000.0
Kazakhstan,12400000.0,12700000.0,13000000.0,13200000.0,13500000.0,13700000.0,14000000.0,14400000.0,14700000.0,15000000.0,15200000.0,15300000.0,15500000.0,15700000.0,15800000.0,16000000.0,16300000.0,16500000.0,16800000.0,17000000.0,17200000.0,17300000.0,17300000.0,17300000.0,17000000.0,16700000.0,16400000.0,16000000.0,15600000.0,15500000.0,15500000.0,15600000.0,15700000.0,15700000.0,15900000.0,16000000.0,16100000.0,16300000.0,16400000.0,16600000.0,16800000.0,17100000.0,17300000.0,17600000.0,17800000.0,18100000.0
Kenya,11400000.0,11800000.0,12200000.0,12600000.0,13100000.0,13500000.0,14000000.0,14400000.0,14900000.0,15500000.0,16000000.0,16600000.0,17200000.0,17800000.0,18500000.0,19200000.0,19900000.0,20600000.0,21400000.0,22100000.0,22900000.0,23600000.0,24400000.0,25100000.0,25900000.0,26600000.0,27300000.0,28100000.0,28900000.0,29700000.0,30600000.0,31600000.0,32600000.0,33700000.0,34700000.0,35800000.0,36900000.0,38000000.0,39200000.0,40400000.0,41600000.0,42800000.0,43900000.0,45000000.0,46100000.0,47100000.0
Kyrgyz Republic,3030000.0,3100000.0,3170000.0,3240000.0,3310000.0,3380000.0,3450000.0,3510000.0,3580000.0,3660000.0,3730000.0,3800000.0,3880000.0,3970000.0,4040000.0,4100000.0,4170000.0,4240000.0,4310000.0,4380000.0,4460000.0,4530000.0,4600000.0,4630000.0,4650000.0,4710000.0,4780000.0,4850000.0,4910000.0,4970000.0,5030000.0,5070000.0,5120000.0,5160000.0,5200000.0,5250000.0,5280000.0,5310000.0,5340000.0,5400000.0,5490000.0,5590000.0,5700000.0,5800000.0,5900000.0,6000000.0
Cambodia,6640000.0,6620000.0,6670000.0,6740000.0,6780000.0,6580000.0,6130000.0,5670000.0,5210000.0,5090000.0,5200000.0,5280000.0,5440000.0,5640000.0,5850000.0,6040000.0,6290000.0,6560000.0,6810000.0,7070000.0,7370000.0,7690000.0,8110000.0,8620000.0,9240000.0,10000000.0,10800000.0,11600000.0,12100000.0,12300000.0,12500000.0,12700000.0,12900000.0,13100000.0,13200000.0,13400000.0,13600000.0,13800000.0,14100000.0,14300000.0,14500000.0,14700000.0,14900000.0,15200000.0,15400000.0,15600000.0
Kiribati,57500.0,58700.0,59800.0,60800.0,61200.0,61000.0,60700.0,60300.0,59900.0,60200.0,61100.0,62100.0,63100.0,64200.0,65200.0,66500.0,68100.0,69700.0,71400.0,73100.0,74900.0,76400.0,77600.0,78800.0,80000.0,81200.0,82600.0,84100.0,85700.0,87100.0,88600.0,90300.0,92300.0,94200.0,96100.0,98000.0,100000.0,102000.0,104000.0,106000.0,109000.0,111000.0,112000.0,114000.0,115000.0,117000.0
South Korea,32500000.0,33200000.0,33900000.0,34600000.0,35300000.0,35900000.0,36400000.0,36800000.0,37300000.0,37700000.0,38100000.0,38700000.0,39400000.0,40000000.0,40600000.0,41100000.0,41700000.0,42300000.0,42900000.0,43500000.0,44100000.0,44400000.0,44700000.0,44900000.0,45100000.0,45400000.0,45600000.0,45900000.0,46200000.0,46500000.0,46800000.0,47000000.0,47300000.0,47500000.0,47700000.0,47900000.0,48000000.0,48200000.0,48400000.0,48500000.0,48800000.0,49100000.0,49600000.0,50100000.0,50500000.0,51000000.0
Kuwait,809000.0,865000.0,920000.0,978000.0,1040000.0,1100000.0,1180000.0,1260000.0,1340000.0,1420000.0,1500000.0,1580000.0,1660000.0,1740000.0,1820000.0,1890000.0,1970000.0,2050000.0,2130000.0,2220000.0,1680000.0,1350000.0,1630000.0,1670000.0,1660000.0,1680000.0,1730000.0,1790000.0,1840000.0,1900000.0,1950000.0,2010000.0,2060000.0,2110000.0,2160000.0,2240000.0,2360000.0,2510000.0,2650000.0,2800000.0,2940000.0,3130000.0,3340000.0,3510000.0,3670000.0,3830000.0
Lao,2670000.0,2730000.0,2800000.0,2870000.0,2940000.0,3010000.0,3060000.0,3120000.0,3170000.0,3230000.0,3290000.0,3370000.0,3450000.0,3540000.0,3640000.0,3740000.0,3850000.0,3960000.0,4070000.0,4190000.0,4310000.0,4440000.0,4560000.0,4690000.0,4810000.0,4930000.0,5050000.0,5150000.0,5250000.0,5340000.0,5430000.0,5520000.0,5610000.0,5700000.0,5780000.0,5870000.0,5960000.0,6060000.0,6150000.0,6240000.0,6330000.0,6430000.0,6520000.0,6610000.0,6700000.0,6800000.0
Lebanon,2390000.0,2450000.0,2510000.0,2570000.0,2640000.0,2690000.0,2730000.0,2760000.0,2820000.0,2880000.0,2940000.0,3010000.0,3050000.0,3090000.0,3150000.0,3220000.0,3300000.0,3390000.0,3450000.0,3530000.0,3600000.0,3670000.0,3750000.0,3820000.0,3890000.0,3960000.0,4030000.0,4110000.0,4180000.0,4260000.0,4330000.0,4400000.0,4460000.0,4530000.0,4600000.0,4670000.0,4750000.0,4840000.0,4930000.0,4990000.0,5040000.0,5100000.0,5240000.0,5740000.0,6350000.0,6470000.0
Liberia,1470000.0,1500000.0,1540000.0,1580000.0,1630000.0,1670000.0,1720000.0,1770000.0,1820000.0,1870000.0,1930000.0,1990000.0,2050000.0,2110000.0,2170000.0,2240000.0,2310000.0,2380000.0,2450000.0,2520000.0,2220000.0,1960000.0,2070000.0,2160000.0,2150000.0,2170000.0,2230000.0,2410000.0,2670000.0,2820000.0,2930000.0,3020000.0,3090000.0,3120000.0,3160000.0,3300000.0,3490000.0,3670000.0,3820000.0,3940000.0,4060000.0,4220000.0,4370000.0,4470000.0,4560000.0,4660000.0
Libya,2080000.0,2150000.0,2230000.0,2310000.0,2430000.0,2570000.0,2720000.0,2880000.0,3050000.0,3230000.0,3420000.0,3620000.0,3720000.0,3720000.0,3770000.0,3900000.0,4020000.0,4130000.0,4240000.0,4340000.0,4450000.0,4540000.0,4640000.0,4730000.0,4820000.0,4910000.0,4990000.0,5060000.0,5140000.0,5220000.0,5310000.0,5400000.0,5510000.0,5620000.0,5740000.0,5860000.0,5980000.0,6100000.0,6240000.0,6370000.0,6500000.0,6340000.0,6180000.0,6300000.0,6430000.0,6530000.0
St. Lucia,103000.0,105000.0,106000.0,107000.0,109000.0,111000.0,112000.0,114000.0,116000.0,118000.0,119000.0,121000.0,123000.0,125000.0,127000.0,129000.0,131000.0,133000.0,135000.0,137000.0,138000.0,140000.0,142000.0,144000.0,146000.0,148000.0,150000.0,153000.0,155000.0,157000.0,159000.0,160000.0,162000.0,163000.0,164000.0,165000.0,167000.0,168000.0,169000.0,170000.0,171000.0,172000.0,173000.0,173000.0,174000.0,175000.0
Sri Lanka,12300000.0,12600000.0,12800000.0,13100000.0,13300000.0,13500000.0,13800000.0,14000000.0,14300000.0,14600000.0,14800000.0,15100000.0,15300000.0,15400000.0,15400000.0,15500000.0,15700000.0,15900000.0,16100000.0,16200000.0,16400000.0,16500000.0,16700000.0,17000000.0,17300000.0,17600000.0,17900000.0,18200000.0,18600000.0,18900000.0,19300000.0,19600000.0,19800000.0,20000000.0,20100000.0,20200000.0,20400000.0,20500000.0,20600000.0,20800000.0,20900000.0,21000000.0,21200000.0,21400000.0,21500000.0,21700000.0
Lesotho,1020000.0,1060000.0,1090000.0,1130000.0,1170000.0,1210000.0,1250000.0,1290000.0,1330000.0,1370000.0,1410000.0,1450000.0,1490000.0,1530000.0,1580000.0,1620000.0,1670000.0,1700000.0,1740000.0,1780000.0,1810000.0,1840000.0,1870000.0,1900000.0,1930000.0,1950000.0,1970000.0,1990000.0,2000000.0,2000000.0,2000000.0,2000000.0,1990000.0,1990000.0,1970000.0,1950000.0,1950000.0,1950000.0,1970000.0,1980000.0,2000000.0,2010000.0,2030000.0,2060000.0,2080000.0,2100000.0
Lithuania,3140000.0,3170000.0,3200000.0,3240000.0,3270000.0,3300000.0,3320000.0,3350000.0,3380000.0,3400000.0,3430000.0,3450000.0,3480000.0,3510000.0,3530000.0,3560000.0,3590000.0,3630000.0,3670000.0,3700000.0,3700000.0,3700000.0,3700000.0,3680000.0,3650000.0,3630000.0,3600000.0,3570000.0,3550000.0,3520000.0,3500000.0,3470000.0,3440000.0,3420000.0,3380000.0,3320000.0,3270000.0,3230000.0,3200000.0,3160000.0,3100000.0,3030000.0,2990000.0,2960000.0,2930000.0,2910000.0
Luxembourg,339000.0,342000.0,346000.0,349000.0,351000.0,354000.0,356000.0,358000.0,361000.0,363000.0,364000.0,364000.0,365000.0,365000.0,366000.0,367000.0,368000.0,371000.0,374000.0,377000.0,382000.0,387000.0,392000.0,397000.0,403000.0,408000.0,414000.0,419000.0,424000.0,430000.0,436000.0,442000.0,446000.0,452000.0,458000.0,465000.0,473000.0,480000.0,489000.0,498000.0,507000.0,519000.0,531000.0,543000.0,556000.0,570000.0
Latvia,2360000.0,2380000.0,2400000.0,2420000.0,2440000.0,2460000.0,2470000.0,2480000.0,2500000.0,2510000.0,2510000.0,2520000.0,2530000.0,2550000.0,2560000.0,2580000.0,2600000.0,2630000.0,2650000.0,2660000.0,2660000.0,2650000.0,2610000.0,2560000.0,2520000.0,2490000.0,2460000.0,2430000.0,2410000.0,2390000.0,2370000.0,2340000.0,2310000.0,2290000.0,2260000.0,2240000.0,2220000.0,2200000.0,2180000.0,2140000.0,2100000.0,2060000.0,2030000.0,2010000.0,1990000.0,1980000.0
Morocco,15100000.0,15500000.0,15900000.0,16300000.0,16700000.0,17200000.0,17600000.0,18000000.0,18500000.0,19000000.0,19500000.0,20000000.0,20500000.0,21100000.0,21600000.0,22100000.0,22600000.0,23100000.0,23500000.0,23900000.0,24400000.0,24800000.0,25200000.0,25600000.0,26000000.0,26400000.0,26800000.0,27200000.0,27600000.0,28000000.0,28400000.0,28800000.0,29200000.0,29600000.0,30000000.0,30400000.0,30800000.0,31200000.0,31600000.0,32000000.0,32500000.0,32900000.0,33400000.0,33800000.0,34200000.0,34600000.0
Moldova,3640000.0,3680000.0,3710000.0,3750000.0,3790000.0,3840000.0,3880000.0,3930000.0,3970000.0,4010000.0,4050000.0,4090000.0,4130000.0,4170000.0,4220000.0,4260000.0,4310000.0,4360000.0,4410000.0,4440000.0,4450000.0,4460000.0,4460000.0,4450000.0,4430000.0,4410000.0,4390000.0,4360000.0,4320000.0,4280000.0,4230000.0,4190000.0,4140000.0,4100000.0,4050000.0,3990000.0,3920000.0,3850000.0,3780000.0,3710000.0,3630000.0,3560000.0,3480000.0,3410000.0,3340000.0,3290000.0
Madagascar,6670000.0,6870000.0,7070000.0,7290000.0,7510000.0,7740000.0,7980000.0,8220000.0,8480000.0,8740000.0,9010000.0,9280000.0,9560000.0,9840000.0,10100000.0,10400000.0,10700000.0,11000000.0,11400000.0,11700000.0,12100000.0,12400000.0,12800000.0,13200000.0,13600000.0,14100000.0,14500000.0,15000000.0,15500000.0,16000000.0,16500000.0,17000000.0,17500000.0,18100000.0,18600000.0,19200000.0,19700000.0,20300000.0,20900000.0,21500000.0,22200000.0,22800000.0,23500000.0,24100000.0,24800000.0,25400000.0
Maldives,123000.0,127000.0,131000.0,135000.0,139000.0,143000.0,148000.0,152000.0,156000.0,160000.0,165000.0,170000.0,174000.0,179000.0,184000.0,190000.0,197000.0,204000.0,211000.0,218000.0,225000.0,232000.0,239000.0,245000.0,251000.0,257000.0,262000.0,268000.0,273000.0,277000.0,282000.0,287000.0,292000.0,296000.0,301000.0,306000.0,314000.0,324000.0,336000.0,348000.0,361000.0,374000.0,387000.0,400000.0,414000.0,428000.0
Mexico,50800000.0,52400000.0,54000000.0,55700000.0,57300000.0,59000000.0,60600000.0,62300000.0,64000000.0,65600000.0,67300000.0,68900000.0,70400000.0,72000000.0,73500000.0,75000000.0,76600000.0,78100000.0,79700000.0,81200000.0,82800000.0,84400000.0,86000000.0,87700000.0,89300000.0,90900000.0,92500000.0,94000000.0,95600000.0,97100000.0,98600000.0,100000000.0,102000000.0,103000000.0,104000000.0,106000000.0,107000000.0,109000000.0,110000000.0,112000000.0,114000000.0,115000000.0,117000000.0,118000000.0,120000000.0,121000000.0
Marshall Islands,22500.0,23400.0,24000.0,24600.0,25300.0,26200.0,27000.0,27900.0,28800.0,29700.0,30800.0,32000.0,33400.0,34800.0,36300.0,37800.0,39300.0,40800.0,42300.0,43600.0,44600.0,45600.0,46400.0,47100.0,47700.0,48300.0,48800.0,49300.0,49700.0,50200.0,50700.0,51100.0,51400.0,51600.0,51800.0,51900.0,52000.0,52000.0,52000.0,52000.0,52000.0,51900.0,51400.0,50700.0,49800.0,48800.0
North Macedonia,1660000.0,1690000.0,1720000.0,1740000.0,1770000.0,1800000.0,1830000.0,1850000.0,1880000.0,1910000.0,1930000.0,1960000.0,1980000.0,1990000.0,2000000.0,2010000.0,2020000.0,2040000.0,2050000.0,2060000.0,2060000.0,2060000.0,2030000.0,2010000.0,1990000.0,2000000.0,2010000.0,2030000.0,2040000.0,2050000.0,2060000.0,2070000.0,2070000.0,2080000.0,2090000.0,2090000.0,2090000.0,2080000.0,2070000.0,2060000.0,2050000.0,2040000.0,2030000.0,2010000.0,2000000.0,1980000.0
Mali,6280000.0,6380000.0,6480000.0,6600000.0,6720000.0,6840000.0,6960000.0,7090000.0,7230000.0,7380000.0,7530000.0,7690000.0,7860000.0,8030000.0,8210000.0,8370000.0,8530000.0,8680000.0,8830000.0,9000000.0,9180000.0,9360000.0,9550000.0,9750000.0,9970000.0,10200000.0,10400000.0,10600000.0,10900000.0,11200000.0,11600000.0,11900000.0,12300000.0,12700000.0,13100000.0,13500000.0,14000000.0,14500000.0,14900000.0,15400000.0,15900000.0,16500000.0,17000000.0,17500000.0,18000000.0,18600000.0
Malta,326000.0,327000.0,329000.0,330000.0,332000.0,333000.0,335000.0,337000.0,339000.0,341000.0,343000.0,345000.0,347000.0,349000.0,351000.0,353000.0,355000.0,358000.0,361000.0,365000.0,368000.0,371000.0,375000.0,378000.0,381000.0,385000.0,388000.0,391000.0,394000.0,397000.0,400000.0,403000.0,406000.0,408000.0,411000.0,413000.0,415000.0,417000.0,419000.0,421000.0,423000.0,425000.0,427000.0,428000.0,434000.0,445000.0
Myanmar,27200000.0,27800000.0,28400000.0,29000000.0,29600000.0,30200000.0,30800000.0,31400000.0,32000000.0,32600000.0,33200000.0,33900000.0,34500000.0,35200000.0,35900000.0,36600000.0,37300000.0,38000000.0,38600000.0,39200000.0,39800000.0,40400000.0,41000000.0,41500000.0,42100000.0,42600000.0,43200000.0,43700000.0,44300000.0,44800000.0,45300000.0,45800000.0,46200000.0,46700000.0,47100000.0,47400000.0,47800000.0,48100000.0,48400000.0,48700000.0,49000000.0,49400000.0,49800000.0,50300000.0,50700000.0,51100000.0
Montenegro,530000.0,535000.0,541000.0,546000.0,552000.0,557000.0,563000.0,568000.0,574000.0,579000.0,585000.0,590000.0,594000.0,597000.0,600000.0,604000.0,607000.0,610000.0,614000.0,617000.0,620000.0,624000.0,626000.0,628000.0,630000.0,631000.0,633000.0,634000.0,634000.0,634000.0,634000.0,634000.0,634000.0,634000.0,634000.0,634000.0,634000.0,633000.0,633000.0,632000.0,632000.0,633000.0,634000.0,633000.0,631000.0,628000.0
Mongolia,1300000.0,1330000.0,1370000.0,1410000.0,1450000.0,1490000.0,1530000.0,1580000.0,1620000.0,1660000.0,1700000.0,1740000.0,1790000.0,1830000.0,1870000.0,1920000.0,1970000.0,2020000.0,2080000.0,2120000.0,2160000.0,2200000.0,2240000.0,2270000.0,2310000.0,2340000.0,2360000.0,2390000.0,2410000.0,2430000.0,2460000.0,2480000.0,2500000.0,2520000.0,2540000.0,2560000.0,2580000.0,2610000.0,2630000.0,2670000.0,2700000.0,2750000.0,2800000.0,2850000.0,2910000.0,2980000.0
Mozambique,8250000.0,8460000.0,8690000.0,8950000.0,9240000.0,9540000.0,9870000.0,10200000.0,10600000.0,11000000.0,11300000.0,11600000.0,11800000.0,12100000.0,12300000.0,12500000.0,12800000.0,12800000.0,12800000.0,12900000.0,13100000.0,13400000.0,13600000.0,14100000.0,15000000.0,16000000.0,16500000.0,16900000.0,17300000.0,17700000.0,18100000.0,18500000.0,19000000.0,19400000.0,19800000.0,20300000.0,20800000.0,21300000.0,21800000.0,22400000.0,23000000.0,23600000.0,24300000.0,25100000.0,25800000.0,26500000.0
Mauritania,1100000.0,1130000.0,1170000.0,1200000.0,1240000.0,1280000.0,1320000.0,1350000.0,1390000.0,1430000.0,1470000.0,1520000.0,1560000.0,1610000.0,1650000.0,1700000.0,1750000.0,1800000.0,1860000.0,1900000.0,1950000.0,2010000.0,2090000.0,2170000.0,2250000.0,2310000.0,2360000.0,2410000.0,2470000.0,2540000.0,2610000.0,2680000.0,2740000.0,2800000.0,2870000.0,2940000.0,3010000.0,3090000.0,3180000.0,3280000.0,3390000.0,3500000.0,3620000.0,3730000.0,3850000.0,3970000.0
Mauritius,828000.0,841000.0,854000.0,865000.0,876000.0,888000.0,900000.0,912000.0,925000.0,939000.0,954000.0,969000.0,984000.0,997000.0,1010000.0,1030000.0,1040000.0,1050000.0,1060000.0,1080000.0,1090000.0,1100000.0,1120000.0,1130000.0,1150000.0,1160000.0,1170000.0,1180000.0,1200000.0,1210000.0,1220000.0,1230000.0,1230000.0,1240000.0,1250000.0,1260000.0,1260000.0,1270000.0,1270000.0,1280000.0,1280000.0,1290000.0,1290000.0,1290000.0,1290000.0,1290000.0
Malawi,4630000.0,4750000.0,4870000.0,5000000.0,5140000.0,5290000.0,5440000.0,5610000.0,5810000.0,6030000.0,6270000.0,6520000.0,6780000.0,7050000.0,7330000.0,7620000.0,7910000.0,8290000.0,8750000.0,9180000.0,9550000.0,9840000.0,10100000.0,10300000.0,10200000.0,10200000.0,10400000.0,10600000.0,10800000.0,11000000.0,11300000.0,11600000.0,11900000.0,12200000.0,12500000.0,12800000.0,13200000.0,13600000.0,14000000.0,14400000.0,14800000.0,15300000.0,15700000.0,16200000.0,16600000.0,17100000.0
Malaysia,10200000.0,10400000.0,10700000.0,10900000.0,11200000.0,11500000.0,11800000.0,12000000.0,12300000.0,12600000.0,13000000.0,13400000.0,13800000.0,14300000.0,14800000.0,15300000.0,15800000.0,16300000.0,16800000.0,17300000.0,17800000.0,18300000.0,18800000.0,19300000.0,19800000.0,20300000.0,20900000.0,21400000.0,21900000.0,22400000.0,23000000.0,23500000.0,24100000.0,24700000.0,25300000.0,25800000.0,26400000.0,27000000.0,27600000.0,28100000.0,28700000.0,29200000.0,29700000.0,30200000.0,30700000.0,31200000.0
Namibia,758000.0,781000.0,804000.0,829000.0,854000.0,881000.0,907000.0,931000.0,947000.0,963000.0,981000.0,993000.0,1010000.0,1040000.0,1070000.0,1100000.0,1130000.0,1170000.0,1210000.0,1290000.0,1370000.0,1420000.0,1460000.0,1510000.0,1560000.0,1600000.0,1650000.0,1690000.0,1730000.0,1780000.0,1820000.0,1860000.0,1890000.0,1920000.0,1940000.0,1970000.0,1990000.0,2020000.0,2050000.0,2080000.0,2110000.0,2150000.0,2190000.0,2250000.0,2310000.0,2370000.0
Niger,4650000.0,4780000.0,4900000.0,5040000.0,5170000.0,5320000.0,5460000.0,5620000.0,5780000.0,5960000.0,6140000.0,6320000.0,6510000.0,6710000.0,6910000.0,7120000.0,7340000.0,7560000.0,7790000.0,8030000.0,8290000.0,8550000.0,8820000.0,9100000.0,9400000.0,9710000.0,10000000.0,10400000.0,10700000.0,11100000.0,11500000.0,11900000.0,12300000.0,12800000.0,13300000.0,13800000.0,14300000.0,14800000.0,15400000.0,15900000.0,16500000.0,17200000.0,17800000.0,18500000.0,19200000.0,19900000.0
Nigeria,55900000.0,57200000.0,58600000.0,60100000.0,61700000.0,63400000.0,65300000.0,67200000.0,69300000.0,71500000.0,73800000.0,76100000.0,78400000.0,80400000.0,82500000.0,84900000.0,87200000.0,89600000.0,92000000.0,94500000.0,97100000.0,99700000.0,102000000.0,105000000.0,108000000.0,111000000.0,114000000.0,117000000.0,120000000.0,123000000.0,126000000.0,130000000.0,133000000.0,137000000.0,141000000.0,145000000.0,149000000.0,153000000.0,158000000.0,162000000.0,167000000.0,171000000.0,176000000.0,181000000.0,186000000.0,191000000.0
Nicaragua,2420000.0,2500000.0,2570000.0,2650000.0,2730000.0,2820000.0,2900000.0,2990000.0,3080000.0,3160000.0,3250000.0,3350000.0,3440000.0,3530000.0,3620000.0,3710000.0,3790000.0,3880000.0,3970000.0,4070000.0,4160000.0,4260000.0,4360000.0,4450000.0,4550000.0,4640000.0,4730000.0,4810000.0,4880000.0,4950000.0,5020000.0,5090000.0,5150000.0,5210000.0,5270000.0,5340000.0,5420000.0,5500000.0,5580000.0,5660000.0,5740000.0,5820000.0,5900000.0,5980000.0,6070000.0,6150000.0
Netherlands,13100000.0,13200000.0,13300000.0,13500000.0,13600000.0,13700000.0,13800000.0,13900000.0,14000000.0,14100000.0,14200000.0,14300000.0,14300000.0,14400000.0,14500000.0,14500000.0,14600000.0,14700000.0,14800000.0,14900000.0,15000000.0,15200000.0,15300000.0,15400000.0,15500000.0,15600000.0,15600000.0,15700000.0,15800000.0,15900000.0,16100000.0,16200000.0,16300000.0,16400000.0,16400000.0,16500000.0,16500000.0,16500000.0,16600000.0,16700000.0,16800000.0,16900000.0,16900000.0,17000000.0,17000000.0,17100000.0
Norway,3880000.0,3900000.0,3930000.0,3960000.0,3990000.0,4010000.0,4030000.0,4040000.0,4060000.0,4070000.0,4090000.0,4100000.0,4110000.0,4130000.0,4140000.0,4150000.0,4170000.0,4190000.0,4210000.0,4230000.0,4240000.0,4260000.0,4290000.0,4310000.0,4340000.0,4360000.0,4380000.0,4400000.0,4430000.0,4460000.0,4490000.0,4510000.0,4540000.0,4560000.0,4590000.0,4620000.0,4660000.0,4710000.0,4770000.0,4830000.0,4890000.0,4950000.0,5020000.0,5080000.0,5140000.0,5190000.0
Nepal,12400000.0,12700000.0,13000000.0,13300000.0,13600000.0,13900000.0,14200000.0,14500000.0,14800000.0,15200000.0,15600000.0,15900000.0,16300000.0,16700000.0,17100000.0,17500000.0,17900000.0,18300000.0,18600000.0,19100000.0,19500000.0,20000000.0,20600000.0,21200000.0,21700000.0,22200000.0,22700000.0,23200000.0,23700000.0,24100000.0,24500000.0,24900000.0,25300000.0,25700000.0,26000000.0,26300000.0,26600000.0,26800000.0,27000000.0,27200000.0,27300000.0,27500000.0,27500000.0,27600000.0,27700000.0,27800000.0
New Zealand,2820000.0,2870000.0,2920000.0,2980000.0,3040000.0,3090000.0,3130000.0,3140000.0,3140000.0,3140000.0,3150000.0,3160000.0,3190000.0,3220000.0,3250000.0,3270000.0,3280000.0,3300000.0,3320000.0,3330000.0,3400000.0,3480000.0,3530000.0,3570000.0,3620000.0,3670000.0,3730000.0,3780000.0,3810000.0,3840000.0,3860000.0,3890000.0,3950000.0,4020000.0,4080000.0,4140000.0,4180000.0,4220000.0,4260000.0,4300000.0,4350000.0,4380000.0,4410000.0,4450000.0,4520000.0,4610000.0
Oman,663000.0,681000.0,701000.0,721000.0,747000.0,779000.0,815000.0,855000.0,900000.0,949000.0,1000000.0,1060000.0,1120000.0,1180000.0,1250000.0,1330000.0,1410000.0,1500000.0,1590000.0,1680000.0,1760000.0,1850000.0,1940000.0,2020000.0,2080000.0,2120000.0,2160000.0,2190000.0,2220000.0,2250000.0,2280000.0,2310000.0,2340000.0,2360000.0,2400000.0,2460000.0,2510000.0,2570000.0,2630000.0,2680000.0,2760000.0,3080000.0,3550000.0,3830000.0,4000000.0,4180000.0
Pakistan,60200000.0,61800000.0,63600000.0,65500000.0,67400000.0,69500000.0,71600000.0,73900000.0,76300000.0,79000000.0,82300000.0,85800000.0,89100000.0,92200000.0,95200000.0,98200000.0,102000000.0,105000000.0,109000000.0,112000000.0,116000000.0,120000000.0,124000000.0,127000000.0,131000000.0,135000000.0,139000000.0,143000000.0,147000000.0,151000000.0,155000000.0,159000000.0,163000000.0,167000000.0,171000000.0,175000000.0,180000000.0,184000000.0,189000000.0,194000000.0,199000000.0,204000000.0,208000000.0,211000000.0,214000000.0,217000000.0
Panama,1510000.0,1560000.0,1600000.0,1640000.0,1690000.0,1730000.0,1780000.0,1820000.0,1870000.0,1910000.0,1960000.0,2000000.0,2050000.0,2100000.0,2150000.0,2200000.0,2250000.0,2300000.0,2350000.0,2400000.0,2460000.0,2510000.0,2560000.0,2620000.0,2670000.0,2720000.0,2780000.0,2840000.0,2890000.0,2950000.0,3010000.0,3070000.0,3130000.0,3190000.0,3250000.0,3310000.0,3380000.0,3440000.0,3500000.0,3560000.0,3630000.0,3690000.0,3760000.0,3830000.0,3890000.0,3960000.0
Peru,13500000.0,13800000.0,14200000.0,14600000.0,15000000.0,15300000.0,15700000.0,16100000.0,16500000.0,16900000.0,17400000.0,17800000.0,18200000.0,18700000.0,19200000.0,19600000.0,20100000.0,20600000.0,21100000.0,21500000.0,22000000.0,22500000.0,22900000.0,23400000.0,23900000.0,24300000.0,24800000.0,25300000.0,25700000.0,26200000.0,26600000.0,27000000.0,27300000.0,27600000.0,27900000.0,28100000.0,28300000.0,28500000.0,28700000.0,28900000.0,29100000.0,29300000.0,29600000.0,29800000.0,30100000.0,30500000.0
Philippines,37600000.0,38500000.0,39400000.0,40300000.0,41200000.0,42100000.0,43200000.0,44400000.0,45600000.0,46800000.0,48000000.0,49300000.0,50700000.0,52200000.0,53700000.0,55200000.0,56600000.0,58200000.0,59700000.0,61300000.0,62900000.0,64400000.0,65900000.0,67500000.0,69000000.0,70500000.0,72200000.0,73900000.0,75800000.0,77800000.0,79600000.0,81400000.0,83100000.0,84700000.0,86400000.0,88000000.0,89500000.0,91100000.0,92700000.0,94400000.0,96300000.0,98200000.0,100000000.0,102000000.0,104000000.0,105000000.0
Papua New Guinea,2510000.0,2570000.0,2630000.0,2690000.0,2750000.0,2810000.0,2880000.0,2940000.0,3000000.0,3070000.0,3130000.0,3200000.0,3260000.0,3330000.0,3410000.0,3480000.0,3550000.0,3630000.0,3710000.0,3800000.0,3900000.0,4020000.0,4170000.0,4320000.0,4480000.0,4640000.0,4810000.0,4990000.0,5170000.0,5350000.0,5540000.0,5730000.0,5920000.0,6120000.0,6330000.0,6540000.0,6750000.0,6960000.0,7180000.0,7410000.0,7630000.0,7860000.0,8080000.0,8300000.0,8520000.0,8740000.0
Poland,32500000.0,32800000.0,33000000.0,33300000.0,33600000.0,34000000.0,34300000.0,34600000.0,34900000.0,35200000.0,35600000.0,35900000.0,36200000.0,36600000.0,36900000.0,37200000.0,37500000.0,37700000.0,37800000.0,37900000.0,38100000.0,38200000.0,38200000.0,38300000.0,38300000.0,38400000.0,38400000.0,38300000.0,38300000.0,38300000.0,38300000.0,38200000.0,38200000.0,38200000.0,38200000.0,38100000.0,38100000.0,38000000.0,38000000.0,38000000.0,38100000.0,38200000.0,38200000.0,38300000.0,38300000.0,38300000.0
North Korea,15200000.0,15600000.0,16000000.0,16400000.0,16700000.0,17000000.0,17200000.0,17500000.0,17700000.0,18000000.0,18200000.0,18500000.0,18800000.0,19100000.0,19300000.0,19600000.0,19900000.0,20200000.0,20500000.0,20800000.0,21100000.0,21400000.0,21800000.0,22100000.0,22400000.0,22700000.0,22900000.0,23100000.0,23300000.0,23500000.0,23700000.0,23800000.0,23900000.0,24100000.0,24300000.0,24400000.0,24500000.0,24600000.0,24800000.0,24900000.0,25000000.0,25100000.0,25200000.0,25300000.0,25500000.0,25600000.0
Portugal,8670000.0,8690000.0,8820000.0,8940000.0,9060000.0,9180000.0,9310000.0,9440000.0,9560000.0,9660000.0,9760000.0,9840000.0,9890000.0,9930000.0,9960000.0,9980000.0,9990000.0,10000000.0,10000000.0,10000000.0,9990000.0,9970000.0,9960000.0,9970000.0,10000000.0,10000000.0,10100000.0,10100000.0,10200000.0,10200000.0,10300000.0,10400000.0,10400000.0,10500000.0,10500000.0,10500000.0,10500000.0,10500000.0,10600000.0,10600000.0,10600000.0,10600000.0,10500000.0,10500000.0,10400000.0,10400000.0
Paraguay,2390000.0,2440000.0,2500000.0,2560000.0,2630000.0,2690000.0,2760000.0,2830000.0,2900000.0,2970000.0,3050000.0,3140000.0,3230000.0,3320000.0,3410000.0,3510000.0,3610000.0,3710000.0,3820000.0,3930000.0,4040000.0,4140000.0,4250000.0,4360000.0,4470000.0,4580000.0,4690000.0,4790000.0,4900000.0,5000000.0,5100000.0,5190000.0,5260000.0,5330000.0,5390000.0,5450000.0,5510000.0,5560000.0,5610000.0,5670000.0,5740000.0,5810000.0,5900000.0,5980000.0,6070000.0,6160000.0
Palestine,1120000.0,1130000.0,1160000.0,1200000.0,1240000.0,1280000.0,1320000.0,1350000.0,1390000.0,1430000.0,1470000.0,1510000.0,1560000.0,1620000.0,1690000.0,1750000.0,1790000.0,1880000.0,1980000.0,2060000.0,2140000.0,2230000.0,2320000.0,2430000.0,2530000.0,2640000.0,2750000.0,2860000.0,2960000.0,3060000.0,3150000.0,3240000.0,3320000.0,3400000.0,3480000.0,3560000.0,3650000.0,3740000.0,3830000.0,3920000.0,4020000.0,4120000.0,4220000.0,4320000.0,4420000.0,4520000.0
Qatar,116000.0,131000.0,147000.0,162000.0,177000.0,193000.0,209000.0,225000.0,242000.0,259000.0,276000.0,294000.0,312000.0,330000.0,348000.0,366000.0,382000.0,397000.0,411000.0,426000.0,440000.0,455000.0,470000.0,485000.0,499000.0,514000.0,529000.0,551000.0,581000.0,613000.0,645000.0,678000.0,711000.0,745000.0,773000.0,825000.0,973000.0,1210000.0,1430000.0,1590000.0,1710000.0,1810000.0,1910000.0,2030000.0,2220000.0,2430000.0
Romania,20000000.0,20300000.0,20600000.0,20800000.0,21000000.0,21300000.0,21500000.0,21700000.0,21900000.0,22000000.0,22200000.0,22300000.0,22400000.0,22500000.0,22500000.0,22600000.0,22700000.0,22700000.0,22800000.0,22900000.0,22900000.0,22900000.0,22900000.0,22800000.0,22800000.0,22700000.0,22500000.0,22400000.0,22300000.0,22200000.0,22000000.0,21900000.0,21800000.0,21600000.0,21400000.0,21200000.0,21000000.0,20900000.0,20700000.0,20600000.0,20400000.0,20300000.0,20200000.0,20100000.0,20000000.0,19900000.0
Russia,130000000.0,131000000.0,132000000.0,132000000.0,133000000.0,134000000.0,135000000.0,136000000.0,137000000.0,138000000.0,139000000.0,139000000.0,140000000.0,141000000.0,142000000.0,144000000.0,145000000.0,146000000.0,147000000.0,148000000.0,149000000.0,149000000.0,149000000.0,148000000.0,148000000.0,148000000.0,148000000.0,148000000.0,148000000.0,147000000.0,147000000.0,146000000.0,146000000.0,146000000.0,145000000.0,145000000.0,144000000.0,144000000.0,144000000.0,144000000.0,144000000.0,144000000.0,144000000.0,145000000.0,145000000.0,145000000.0
Rwanda,3980000.0,4100000.0,4220000.0,4350000.0,4470000.0,4610000.0,4750000.0,4890000.0,5040000.0,5190000.0,5350000.0,5530000.0,5710000.0,5910000.0,6110000.0,6320000.0,6530000.0,6750000.0,6970000.0,7180000.0,7380000.0,7530000.0,7680000.0,7980000.0,6790000.0,5670000.0,6710000.0,7760000.0,8080000.0,8150000.0,8210000.0,8290000.0,8400000.0,8590000.0,8820000.0,9050000.0,9300000.0,9550000.0,9800000.0,10100000.0,10300000.0,10600000.0,10800000.0,11100000.0,11400000.0,11600000.0
Saudi Arabia,3560000.0,3720000.0,3910000.0,4110000.0,4320000.0,4560000.0,4810000.0,5080000.0,5380000.0,5700000.0,6050000.0,6420000.0,6820000.0,7250000.0,7700000.0,8150000.0,8630000.0,9130000.0,9630000.0,10100000.0,10600000.0,11200000.0,11700000.0,12200000.0,12800000.0,13300000.0,13800000.0,14400000.0,14900000.0,15500000.0,16200000.0,17000000.0,17900000.0,18800000.0,19700000.0,20600000.0,21500000.0,22400000.0,23300000.0,24200000.0,25200000.0,26100000.0,27100000.0,28000000.0,29000000.0,30000000.0
Sudan,11700000.0,12100000.0,12500000.0,13000000.0,13600000.0,14100000.0,14600000.0,15100000.0,15700000.0,16400000.0,17100000.0,17800000.0,18500000.0,19100000.0,19500000.0,19900000.0,20300000.0,20700000.0,21100000.0,21600000.0,22000000.0,22500000.0,22900000.0,23400000.0,24000000.0,24700000.0,25200000.0,25800000.0,26500000.0,27100000.0,27800000.0,28500000.0,29200000.0,29900000.0,30600000.0,31300000.0,32000000.0,32800000.0,33600000.0,34600000.0,35400000.0,36100000.0,36900000.0,37800000.0,38800000.0,40000000.0
Senegal,4470000.0,4600000.0,4740000.0,4890000.0,5030000.0,5170000.0,5310000.0,5440000.0,5570000.0,5700000.0,5850000.0,6000000.0,6160000.0,6320000.0,6500000.0,6680000.0,6880000.0,7080000.0,7290000.0,7500000.0,7720000.0,7940000.0,8170000.0,8400000.0,8620000.0,8850000.0,9070000.0,9280000.0,9500000.0,9730000.0,9970000.0,10200000.0,10500000.0,10700000.0,11000000.0,11200000.0,11500000.0,11800000.0,12000000.0,12300000.0,12600000.0,13000000.0,13300000.0,13700000.0,14200000.0,14600000.0
Singapore,2090000.0,2130000.0,2160000.0,2200000.0,2240000.0,2270000.0,2300000.0,2330000.0,2360000.0,2390000.0,2440000.0,2530000.0,2630000.0,2690000.0,2720000.0,2740000.0,2740000.0,2780000.0,2850000.0,2940000.0,3040000.0,3140000.0,3230000.0,3320000.0,3420000.0,3530000.0,3660000.0,3800000.0,3900000.0,3970000.0,4040000.0,4120000.0,4150000.0,4140000.0,4170000.0,4270000.0,4410000.0,4600000.0,4810000.0,4970000.0,5080000.0,5180000.0,5290000.0,5390000.0,5460000.0,5530000.0
Solomon Islands,177000.0,181000.0,185000.0,190000.0,195000.0,201000.0,207000.0,214000.0,222000.0,230000.0,238000.0,247000.0,255000.0,264000.0,273000.0,282000.0,292000.0,301000.0,311000.0,321000.0,331000.0,342000.0,352000.0,363000.0,374000.0,385000.0,396000.0,407000.0,419000.0,431000.0,440000.0,449000.0,458000.0,466000.0,475000.0,483000.0,492000.0,500000.0,509000.0,518000.0,533000.0,553000.0,574000.0,595000.0,617000.0,639000.0
Sierra Leone,2710000.0,2760000.0,2810000.0,2870000.0,2920000.0,2970000.0,3030000.0,3090000.0,3150000.0,3210000.0,3270000.0,3340000.0,3410000.0,3480000.0,3560000.0,3640000.0,3730000.0,3830000.0,3930000.0,4030000.0,4200000.0,4250000.0,4170000.0,4160000.0,4170000.0,4180000.0,4200000.0,4250000.0,4300000.0,4320000.0,4420000.0,4690000.0,4970000.0,5180000.0,5360000.0,5500000.0,5620000.0,5750000.0,5890000.0,6060000.0,6220000.0,6390000.0,6550000.0,6710000.0,6880000.0,7040000.0
El Salvador,3670000.0,3760000.0,3850000.0,3940000.0,4030000.0,4120000.0,4210000.0,4300000.0,4390000.0,4480000.0,4540000.0,4570000.0,4620000.0,4710000.0,4800000.0,4890000.0,4990000.0,5090000.0,5200000.0,5300000.0,5400000.0,5500000.0,5590000.0,5660000.0,5710000.0,5760000.0,5810000.0,5840000.0,5880000.0,5910000.0,5940000.0,5970000.0,5990000.0,6000000.0,6000000.0,6010000.0,6000000.0,6010000.0,6030000.0,6050000.0,6070000.0,6090000.0,6110000.0,6140000.0,6160000.0,6180000.0
Somalia,3740000.0,3840000.0,3940000.0,4050000.0,4150000.0,4260000.0,4370000.0,4480000.0,4810000.0,5450000.0,5940000.0,5980000.0,6000000.0,6200000.0,6430000.0,6690000.0,6970000.0,7230000.0,7240000.0,7110000.0,7080000.0,6810000.0,6500000.0,6680000.0,7030000.0,7290000.0,7550000.0,7820000.0,8160000.0,8490000.0,8840000.0,9200000.0,9550000.0,9910000.0,10300000.0,10600000.0,11000000.0,11300000.0,11700000.0,12000000.0,12300000.0,12300000.0,12500000.0,12900000.0,13300000.0,13800000.0
Serbia,7320000.0,7380000.0,7420000.0,7470000.0,7520000.0,7570000.0,7620000.0,7670000.0,7720000.0,7760000.0,7800000.0,7830000.0,7850000.0,7860000.0,7880000.0,7880000.0,7880000.0,7890000.0,7880000.0,7880000.0,7870000.0,7870000.0,7860000.0,7850000.0,7840000.0,7820000.0,7810000.0,7790000.0,7770000.0,7730000.0,7690000.0,7650000.0,7620000.0,7590000.0,7570000.0,7540000.0,7510000.0,7480000.0,7450000.0,7430000.0,7400000.0,7360000.0,7320000.0,7280000.0,7230000.0,7180000.0
South Sudan,3410000.0,3470000.0,3540000.0,3630000.0,3720000.0,3820000.0,3920000.0,4020000.0,4130000.0,4230000.0,4340000.0,4450000.0,4560000.0,4660000.0,4750000.0,4830000.0,4920000.0,4960000.0,4850000.0,4710000.0,4740000.0,4840000.0,4910000.0,4960000.0,5070000.0,5230000.0,5360000.0,5510000.0,5620000.0,5770000.0,6030000.0,6310000.0,6600000.0,6900000.0,7230000.0,7590000.0,7980000.0,8390000.0,8820000.0,9240000.0,9750000.0,10300000.0,10800000.0,11200000.0,11200000.0,11100000.0
Sao Tome and Principe,77600.0,79300.0,81000.0,82800.0,84700.0,86700.0,88900.0,91300.0,93800.0,96300.0,98500.0,101000.0,103000.0,104000.0,106000.0,109000.0,111000.0,114000.0,117000.0,120000.0,123000.0,126000.0,128000.0,130000.0,133000.0,135000.0,137000.0,139000.0,141000.0,142000.0,144000.0,146000.0,150000.0,154000.0,158000.0,162000.0,166000.0,170000.0,174000.0,178000.0,182000.0,186000.0,189000.0,193000.0,197000.0,200000.0
Suriname,379000.0,392000.0,397000.0,396000.0,394000.0,391000.0,388000.0,385000.0,382000.0,378000.0,375000.0,375000.0,377000.0,379000.0,382000.0,387000.0,392000.0,397000.0,402000.0,408000.0,412000.0,415000.0,418000.0,419000.0,422000.0,430000.0,439000.0,448000.0,457000.0,467000.0,477000.0,487000.0,497000.0,506000.0,514000.0,519000.0,525000.0,531000.0,537000.0,544000.0,550000.0,556000.0,563000.0,569000.0,575000.0,582000.0
Slovak Republic,4530000.0,4560000.0,4600000.0,4640000.0,4690000.0,4740000.0,4790000.0,4840000.0,4890000.0,4930000.0,4980000.0,5010000.0,5050000.0,5090000.0,5120000.0,5150000.0,5180000.0,5210000.0,5230000.0,5250000.0,5270000.0,5280000.0,5310000.0,5330000.0,5340000.0,5350000.0,5360000.0,5370000.0,5370000.0,5380000.0,5380000.0,5380000.0,5380000.0,5380000.0,5380000.0,5380000.0,5380000.0,5380000.0,5380000.0,5390000.0,5390000.0,5400000.0,5400000.0,5410000.0,5420000.0,5420000.0
Slovenia,1740000.0,1750000.0,1770000.0,1780000.0,1800000.0,1820000.0,1830000.0,1850000.0,1870000.0,1890000.0,1900000.0,1910000.0,1920000.0,1920000.0,1930000.0,1940000.0,1960000.0,1990000.0,1990000.0,2000000.0,2000000.0,2000000.0,2000000.0,1990000.0,1990000.0,1990000.0,1990000.0,1980000.0,1980000.0,1980000.0,1990000.0,1990000.0,1990000.0,1990000.0,1990000.0,2000000.0,2000000.0,2010000.0,2030000.0,2040000.0,2040000.0,2050000.0,2050000.0,2060000.0,2060000.0,2060000.0
Sweden,8040000.0,8100000.0,8120000.0,8140000.0,8160000.0,8190000.0,8220000.0,8250000.0,8280000.0,8290000.0,8310000.0,8320000.0,8330000.0,8330000.0,8340000.0,8350000.0,8370000.0,8400000.0,8440000.0,8490000.0,8560000.0,8620000.0,8670000.0,8720000.0,8780000.0,8830000.0,8840000.0,8850000.0,8850000.0,8860000.0,8870000.0,8900000.0,8930000.0,8960000.0,8990000.0,9030000.0,9080000.0,9150000.0,9220000.0,9300000.0,9380000.0,9450000.0,9520000.0,9600000.0,9700000.0,9800000.0
Eswatini,441000.0,453000.0,466000.0,479000.0,493000.0,508000.0,523000.0,540000.0,558000.0,577000.0,597000.0,617000.0,638000.0,659000.0,681000.0,706000.0,735000.0,764000.0,800000.0,838000.0,872000.0,908000.0,943000.0,971000.0,971000.0,970000.0,990000.0,1010000.0,1020000.0,1030000.0,1040000.0,1050000.0,1060000.0,1070000.0,1070000.0,1080000.0,1080000.0,1090000.0,1100000.0,1110000.0,1110000.0,1120000.0,1120000.0,1130000.0,1140000.0,1140000.0
Seychelles,54300.0,55500.0,56900.0,58300.0,59700.0,61200.0,62700.0,64100.0,65000.0,65600.0,66300.0,67000.0,67700.0,68400.0,69100.0,69800.0,70600.0,71300.0,72200.0,73100.0,74000.0,74800.0,75600.0,76400.0,77300.0,78100.0,78900.0,79700.0,80700.0,82000.0,83300.0,84600.0,85900.0,87000.0,88200.0,89300.0,90400.0,91500.0,92500.0,93600.0,95000.0,97000.0,99500.0,102000.0,105000.0,107000.0
Syria,6380000.0,6600000.0,6830000.0,7060000.0,7300000.0,7550000.0,7820000.0,8090000.0,8370000.0,8660000.0,8960000.0,9260000.0,9570000.0,9900000.0,10300000.0,10600000.0,11000000.0,11400000.0,11800000.0,12200000.0,12600000.0,13000000.0,13400000.0,13800000.0,14200000.0,14600000.0,15000000.0,15400000.0,15800000.0,16200000.0,16600000.0,17100000.0,17500000.0,17900000.0,18300000.0,18800000.0,19600000.0,20900000.0,21600000.0,22000000.0,22500000.0,22900000.0,22800000.0,21700000.0,20300000.0,19400000.0
Chad,3730000.0,3810000.0,3890000.0,3990000.0,4080000.0,4170000.0,4250000.0,4330000.0,4410000.0,4510000.0,4520000.0,4520000.0,4740000.0,4980000.0,5050000.0,5100000.0,5250000.0,5440000.0,5630000.0,5820000.0,5980000.0,6210000.0,6470000.0,6630000.0,6780000.0,7090000.0,7410000.0,7670000.0,7940000.0,8220000.0,8510000.0,8800000.0,9120000.0,9490000.0,9920000.0,10300000.0,10700000.0,11100000.0,11500000.0,11900000.0,12300000.0,12800000.0,13200000.0,13700000.0,14200000.0,14600000.0
Togo,2240000.0,2320000.0,2380000.0,2450000.0,2510000.0,2570000.0,2640000.0,2700000.0,2770000.0,2840000.0,2920000.0,3010000.0,3120000.0,3220000.0,3330000.0,3440000.0,3550000.0,3660000.0,3770000.0,3880000.0,4000000.0,4120000.0,4230000.0,4210000.0,4220000.0,4410000.0,4580000.0,4730000.0,4860000.0,5000000.0,5140000.0,5280000.0,5410000.0,5550000.0,5700000.0,5840000.0,6010000.0,6190000.0,6370000.0,6550000.0,6730000.0,6920000.0,7100000.0,7290000.0,7470000.0,7660000.0
Thailand,36000000.0,36900000.0,37900000.0,38900000.0,40000000.0,40900000.0,41900000.0,42800000.0,43800000.0,44700000.0,45700000.0,46600000.0,47500000.0,48400000.0,49400000.0,50300000.0,51200000.0,52100000.0,53000000.0,53800000.0,54700000.0,55600000.0,56500000.0,57400000.0,58300000.0,59100000.0,59900000.0,60700000.0,61500000.0,62300000.0,63000000.0,63700000.0,64300000.0,64900000.0,65500000.0,66000000.0,66600000.0,67100000.0,67600000.0,68100000.0,68600000.0,69000000.0,69400000.0,69800000.0,70200000.0,70500000.0
Tajikistan,2940000.0,3030000.0,3120000.0,3220000.0,3320000.0,3430000.0,3540000.0,3650000.0,3770000.0,3880000.0,4000000.0,4110000.0,4230000.0,4350000.0,4480000.0,4620000.0,4770000.0,4940000.0,5110000.0,5270000.0,5400000.0,5540000.0,5650000.0,5720000.0,5830000.0,5950000.0,6070000.0,6140000.0,6180000.0,6210000.0,6280000.0,6410000.0,6530000.0,6660000.0,6790000.0,6920000.0,7060000.0,7190000.0,7340000.0,7490000.0,7650000.0,7820000.0,8010000.0,8220000.0,8430000.0,8640000.0
Turkmenistan,2200000.0,2250000.0,2310000.0,2370000.0,2430000.0,2490000.0,2560000.0,2620000.0,2690000.0,2760000.0,2830000.0,2910000.0,2990000.0,3070000.0,3150000.0,3250000.0,3350000.0,3450000.0,3560000.0,3660000.0,3760000.0,3860000.0,3940000.0,4030000.0,4120000.0,4190000.0,4260000.0,4340000.0,4410000.0,4490000.0,4580000.0,4680000.0,4770000.0,4860000.0,4960000.0,5050000.0,5150000.0,5240000.0,5350000.0,5450000.0,5560000.0,5680000.0,5810000.0,5940000.0,6080000.0,6220000.0
Timor-Leste,553000.0,563000.0,573000.0,583000.0,591000.0,598000.0,608000.0,618000.0,629000.0,639000.0,650000.0,660000.0,669000.0,678000.0,687000.0,697000.0,707000.0,718000.0,731000.0,745000.0,760000.0,778000.0,799000.0,821000.0,844000.0,868000.0,892000.0,917000.0,943000.0,835000.0,745000.0,812000.0,879000.0,917000.0,929000.0,948000.0,977000.0,1000000.0,1030000.0,1060000.0,1080000.0,1110000.0,1130000.0,1160000.0,1180000.0,1210000.0
Tonga,84400.0,85900.0,87400.0,88800.0,90700.0,93000.0,95300.0,96700.0,97200.0,97500.0,97800.0,97900.0,98000.0,98000.0,98000.0,98000.0,98000.0,98400.0,99000.0,99400.0,99700.0,99900.0,100000.0,100000.0,100000.0,100000.0,100000.0,101000.0,101000.0,102000.0,103000.0,103000.0,104000.0,104000.0,105000.0,106000.0,106000.0,107000.0,107000.0,107000.0,107000.0,108000.0,107000.0,107000.0,107000.0,106000.0
Trinidad and Tobago,991000.0,1000000.0,1010000.0,1030000.0,1040000.0,1050000.0,1070000.0,1080000.0,1090000.0,1110000.0,1120000.0,1140000.0,1150000.0,1160000.0,1170000.0,1190000.0,1200000.0,1220000.0,1230000.0,1240000.0,1250000.0,1260000.0,1270000.0,1280000.0,1290000.0,1300000.0,1300000.0,1310000.0,1310000.0,1310000.0,1320000.0,1330000.0,1330000.0,1340000.0,1350000.0,1350000.0,1360000.0,1370000.0,1370000.0,1380000.0,1390000.0,1390000.0,1400000.0,1410000.0,1420000.0,1430000.0
Tunisia,5130000.0,5260000.0,5400000.0,5540000.0,5680000.0,5840000.0,6000000.0,6160000.0,6310000.0,6460000.0,6610000.0,6760000.0,6910000.0,7050000.0,7220000.0,7410000.0,7600000.0,7790000.0,7970000.0,8150000.0,8320000.0,8500000.0,8680000.0,8860000.0,9020000.0,9160000.0,9290000.0,9420000.0,9540000.0,9660000.0,9760000.0,9870000.0,9970000.0,10100000.0,10200000.0,10300000.0,10300000.0,10400000.0,10500000.0,10700000.0,10800000.0,10900000.0,11000000.0,11100000.0,11300000.0,11400000.0
Turkey,36600000.0,37500000.0,38400000.0,39300000.0,40200000.0,41100000.0,41900000.0,42800000.0,43600000.0,44500000.0,45400000.0,46300000.0,47300000.0,48400000.0,49600000.0,50700000.0,51800000.0,52800000.0,53900000.0,55000000.0,56000000.0,57000000.0,58000000.0,59000000.0,60000000.0,61000000.0,62000000.0,62900000.0,63700000.0,64600000.0,65400000.0,66200000.0,67000000.0,67800000.0,68600000.0,69300000.0,70000000.0,70800000.0,71600000.0,72500000.0,73300000.0,74200000.0,75200000.0,76400000.0,78000000.0,80000000.0
Taiwan,14800000.0,15100000.0,15500000.0,15800000.0,16100000.0,16400000.0,16700000.0,17000000.0,17400000.0,17700000.0,18100000.0,18400000.0,18700000.0,19000000.0,19300000.0,19600000.0,19800000.0,20000000.0,20200000.0,20400000.0,20600000.0,20800000.0,21000000.0,21200000.0,21400000.0,21500000.0,21700000.0,21900000.0,22000000.0,22200000.0,22300000.0,22400000.0,22600000.0,22700000.0,22700000.0,22800000.0,22900000.0,23000000.0,23100000.0,23200000.0,23200000.0,23300000.0,23300000.0,23400000.0,23500000.0,23500000.0
Tanzania,13500000.0,14000000.0,14500000.0,15000000.0,15600000.0,16100000.0,16700000.0,17400000.0,18000000.0,18600000.0,19200000.0,19800000.0,20400000.0,21100000.0,21800000.0,22500000.0,23300000.0,24000000.0,24800000.0,25400000.0,26100000.0,26800000.0,27500000.0,28300000.0,29400000.0,30400000.0,30900000.0,31600000.0,32400000.0,33300000.0,34300000.0,35200000.0,36100000.0,37100000.0,38100000.0,39200000.0,40300000.0,41400000.0,42600000.0,43600000.0,44800000.0,46000000.0,47400000.0,48800000.0,50400000.0,52000000.0
Uganda,10300000.0,10600000.0,10900000.0,11100000.0,11400000.0,11700000.0,12000000.0,12400000.0,12700000.0,13000000.0,13300000.0,13600000.0,13900000.0,14200000.0,14600000.0,15000000.0,15500000.0,16000000.0,16500000.0,17000000.0,17600000.0,18200000.0,18800000.0,19400000.0,20100000.0,20700000.0,21200000.0,21900000.0,22500000.0,23300000.0,24000000.0,24700000.0,25500000.0,26400000.0,27200000.0,28000000.0,28800000.0,29700000.0,30500000.0,31500000.0,32400000.0,33400000.0,34300000.0,35300000.0,36400000.0,37500000.0
Ukraine,47300000.0,47600000.0,47900000.0,48300000.0,48600000.0,48900000.0,49100000.0,49300000.0,49500000.0,49700000.0,50000000.0,50200000.0,50400000.0,50600000.0,50900000.0,51100000.0,51300000.0,51500000.0,51700000.0,51900000.0,52100000.0,52200000.0,52300000.0,52400000.0,52100000.0,51700000.0,51200000.0,50800000.0,50400000.0,50000000.0,49600000.0,49100000.0,48700000.0,48300000.0,48000000.0,47600000.0,47300000.0,47100000.0,46800000.0,46600000.0,46500000.0,46300000.0,46200000.0,46100000.0,46000000.0,45800000.0
Uruguay,2790000.0,2810000.0,2820000.0,2840000.0,2850000.0,2870000.0,2890000.0,2910000.0,2930000.0,2940000.0,2950000.0,2960000.0,2980000.0,2990000.0,3000000.0,3020000.0,3030000.0,3050000.0,3070000.0,3090000.0,3100000.0,3120000.0,3140000.0,3160000.0,3170000.0,3190000.0,3210000.0,3220000.0,3240000.0,3250000.0,3270000.0,3270000.0,3280000.0,3280000.0,3280000.0,3290000.0,3290000.0,3300000.0,3300000.0,3310000.0,3320000.0,3330000.0,3340000.0,3350000.0,3360000.0,3370000.0
USA,208000000.0,210000000.0,213000000.0,215000000.0,217000000.0,219000000.0,221000000.0,223000000.0,225000000.0,228000000.0,230000000.0,232000000.0,235000000.0,237000000.0,239000000.0,242000000.0,244000000.0,246000000.0,248000000.0,251000000.0,253000000.0,256000000.0,260000000.0,263000000.0,265000000.0,268000000.0,271000000.0,273000000.0,276000000.0,279000000.0,281000000.0,284000000.0,287000000.0,290000000.0,293000000.0,296000000.0,299000000.0,302000000.0,305000000.0,308000000.0,311000000.0,314000000.0,317000000.0,320000000.0,323000000.0,326000000.0
Uzbekistan,11800000.0,12100000.0,12500000.0,12800000.0,13200000.0,13600000.0,14000000.0,14400000.0,14800000.0,15200000.0,15600000.0,16000000.0,16500000.0,16900000.0,17400000.0,17900000.0,18400000.0,18900000.0,19500000.0,20000000.0,20500000.0,21000000.0,21500000.0,22000000.0,22500000.0,22900000.0,23400000.0,23800000.0,24100000.0,24500000.0,24800000.0,25100000.0,25400000.0,25700000.0,26000000.0,26400000.0,26700000.0,27100000.0,27500000.0,27900000.0,28400000.0,28800000.0,29300000.0,29700000.0,30200000.0,30700000.0
Venezuela,11400000.0,11700000.0,12100000.0,12500000.0,12800000.0,13200000.0,13600000.0,14000000.0,14400000.0,14800000.0,15300000.0,15700000.0,16100000.0,16600000.0,17000000.0,17500000.0,17900000.0,18400000.0,18900000.0,19300000.0,19800000.0,20300000.0,20800000.0,21300000.0,21700000.0,22200000.0,22700000.0,23100000.0,23600000.0,24100000.0,24500000.0,25000000.0,25400000.0,25900000.0,26300000.0,26800000.0,27200000.0,27600000.0,28100000.0,28400000.0,28800000.0,29200000.0,29600000.0,29900000.0,30300000.0,30600000.0
Vietnam,41500000.0,42400000.0,43400000.0,44400000.0,45400000.0,46500000.0,47700000.0,49000000.0,50200000.0,51400000.0,52500000.0,53700000.0,55000000.0,56300000.0,57700000.0,59100000.0,60300000.0,61600000.0,62800000.0,64100000.0,65500000.0,66900000.0,68300000.0,69600000.0,70900000.0,72000000.0,73200000.0,74200000.0,75300000.0,76300000.0,77200000.0,78000000.0,78800000.0,79600000.0,80300000.0,81100000.0,82200000.0,83600000.0,85200000.0,86500000.0,87500000.0,88500000.0,89500000.0,90600000.0,91700000.0,92800000.0
Vanuatu,86300.0,88900.0,91600.0,94400.0,97300.0,100000.0,103000.0,107000.0,110000.0,113000.0,116000.0,118000.0,121000.0,124000.0,127000.0,130000.0,134000.0,137000.0,141000.0,144000.0,148000.0,152000.0,156000.0,159000.0,163000.0,167000.0,171000.0,175000.0,178000.0,182000.0,186000.0,191000.0,196000.0,201000.0,206000.0,211000.0,216000.0,221000.0,227000.0,233000.0,238000.0,243000.0,249000.0,254000.0,260000.0,266000.0
Samoa,140000.0,143000.0,145000.0,147000.0,149000.0,153000.0,157000.0,160000.0,161000.0,163000.0,164000.0,166000.0,166000.0,167000.0,167000.0,167000.0,167000.0,168000.0,168000.0,169000.0,169000.0,169000.0,170000.0,172000.0,173000.0,175000.0,176000.0,178000.0,179000.0,180000.0,182000.0,183000.0,184000.0,185000.0,186000.0,187000.0,188000.0,189000.0,190000.0,192000.0,193000.0,195000.0,196000.0,198000.0,200000.0,202000.0
Yemen,7070000.0,7260000.0,7460000.0,7670000.0,7900000.0,8130000.0,8380000.0,8650000.0,8930000.0,9220000.0,9540000.0,9880000.0,10200000.0,10600000.0,11000000.0,11500000.0,11900000.0,12400000.0,12900000.0,13400000.0,13900000.0,14400000.0,15000000.0,15600000.0,16100000.0,16700000.0,17300000.0,17900000.0,18400000.0,19000000.0,19600000.0,20200000.0,20800000.0,21500000.0,22100000.0,22800000.0,23500000.0,24300000.0,25100000.0,25900000.0,26800000.0,27600000.0,28400000.0,29300000.0,30200000.0,31200000.0
South Africa,22300000.0,22900000.0,23600000.0,24300000.0,25000000.0,25700000.0,26400000.0,27100000.0,27900000.0,28600000.0,29500000.0,30500000.0,31600000.0,32700000.0,33900000.0,35000000.0,36200000.0,37300000.0,38500000.0,39600000.0,40700000.0,41700000.0,42400000.0,43300000.0,44000000.0,44500000.0,45100000.0,45700000.0,46200000.0,46700000.0,47200000.0,47600000.0,48000000.0,48500000.0,49000000.0,49500000.0,50000000.0,50500000.0,51100000.0,51700000.0,52300000.0,53000000.0,53800000.0,54700000.0,55600000.0,56700000.0
Zambia,4320000.0,4440000.0,4570000.0,4700000.0,4840000.0,4990000.0,5140000.0,5300000.0,5470000.0,5630000.0,5800000.0,5980000.0,6180000.0,6380000.0,6580000.0,6780000.0,6990000.0,7190000.0,7390000.0,7590000.0,7790000.0,7980000.0,8180000.0,8370000.0,8580000.0,8790000.0,9000000.0,9240000.0,9480000.0,9740000.0,10000000.0,10300000.0,10600000.0,11000000.0,11300000.0,11700000.0,12100000.0,12600000.0,13000000.0,13500000.0,14000000.0,14400000.0,14900000.0,15400000.0,15900000.0,16400000.0
Zimbabwe,5220000.0,5370000.0,5540000.0,5720000.0,5910000.0,6100000.0,6290000.0,6450000.0,6540000.0,6650000.0,7040000.0,7500000.0,7800000.0,8100000.0,8390000.0,8690000.0,8980000.0,9280000.0,9580000.0,9860000.0,10100000.0,10400000.0,10700000.0,10900000.0,10900000.0,11000000.0,11200000.0,11400000.0,11600000.0,11800000.0,11900000.0,12000000.0,12100000.0,12200000.0,12400000.0,12500000.0,12600000.0,12800000.0,13000000.0,13100000.0,13400000.0,13600000.0,13800000.0,14000000.0,14200000.0,14400000.0
